{"stats":{"minecraft:killed":{"iceandfire:ghost":1},"minecraft:mined":{"minecraft:skeleton_skull":1,"minecraft:black_stained_glass_pane":2,"minecraft:sweet_berry_bush":3,"minecraft:andesite":8,"born_in_chaos_v1:river_mint":1,"iceandfire:dragon_ice_spikes":1,"minecraft:torch":1,"minecraft:grass":3,"supplementaries:wild_flax":2,"minecraft:stone":17},"minecraft:used":{"minecraft:diorite":1,"minecraft:apple":8,"minecraft:stone_sword":15,"alexscaves:submarine":1,"minecraft:bread":11,"minecraft:stone_pickaxe":24,"minecraft:wooden_pickaxe":10,"minecraft:torch":1,"minecraft:potion":1,"minecraft:sweet_berries":10,"cataclysm:coral_spear":2},"minecraft:picked_up":{"iceandfire:dragonbone":21,"minecraft:sweet_berries":8,"born_in_chaos_v1:river_mint":1,"minecraft:andesite":8,"minecraft:torch":2,"minecraft:potion":1,"supplementaries:flax_seeds":2,"minecraft:diorite":1,"iceandfire:dragon_skull_ice":1,"minecraft:wheat_seeds":2,"minecraft:stone_pickaxe":2,"minecraft:bread":11,"minecraft:skeleton_skull":1,"minecraft:cobblestone":17},"minecraft:custom":{"minecraft:time_since_rest":10915,"minecraft:sprint_one_cm":95045,"minecraft:damage_taken":819,"minecraft:walk_one_cm":101688,"minecraft:mob_kills":2,"minecraft:drop":5,"minecraft:damage_dealt":671,"minecraft:swim_one_cm":2400,"minecraft:interact_with_crafting_table":8,"minecraft:fly_one_cm":167261,"minecraft:open_barrel":1,"minecraft:open_chest":14,"minecraft:crouch_one_cm":116,"minecraft:play_time":38770,"minecraft:deaths":1,"minecraft:sneak_time":113,"minecraft:walk_under_water_one_cm":1253,"minecraft:aviate_one_cm":6626,"minecraft:jump":625,"minecraft:interact_with_blast_furnace":1,"minecraft:walk_on_water_one_cm":8865,"minecraft:time_since_death":10885,"minecraft:sleep_in_bed":1,"minecraft:total_world_time":38770,"minecraft:climb_one_cm":6601,"minecraft:fall_one_cm":14492},"minecraft:crafted":{"minecraft:oak_planks":12,"minecraft:stone_pickaxe":1,"minecraft:stone_sword":1},"minecraft:dropped":{"supplementaries:flax_seeds":2,"minecraft:wheat_seeds":1,"born_in_chaos_v1:river_mint":1,"minecraft:stone_pickaxe":2}},"DataVersion":3465}