{"stats":{"minecraft:mined":{"minecraft:stone":17,"minecraft:andesite":8,"iceandfire:dragon_ice_spikes":1,"minecraft:torch":1},"minecraft:used":{"minecraft:torch":1,"minecraft:diorite":1,"minecraft:stone_sword":6,"minecraft:apple":4,"minecraft:stone_pickaxe":16,"minecraft:wooden_pickaxe":10},"minecraft:picked_up":{"minecraft:andesite":8,"minecraft:torch":1,"minecraft:stone_pickaxe":2,"minecraft:diorite":1,"minecraft:cobblestone":17},"minecraft:custom":{"minecraft:time_since_rest":14770,"minecraft:open_chest":11,"minecraft:crouch_one_cm":101,"minecraft:play_time":14770,"minecraft:sprint_one_cm":34984,"minecraft:damage_taken":50,"minecraft:walk_one_cm":29735,"minecraft:sneak_time":47,"minecraft:mob_kills":1,"minecraft:drop":2,"minecraft:jump":270,"minecraft:damage_dealt":304,"minecraft:time_since_death":14770,"minecraft:walk_on_water_one_cm":4310,"minecraft:climb_one_cm":5301,"minecraft:total_world_time":14770,"minecraft:interact_with_crafting_table":7,"minecraft:fall_one_cm":7720,"minecraft:fly_one_cm":40747},"minecraft:crafted":{"minecraft:stone_sword":1,"minecraft:oak_planks":12,"minecraft:stone_pickaxe":1},"minecraft:dropped":{"minecraft:stone_pickaxe":2}},"DataVersion":3465}