{"stats":{"minecraft:custom":{"minecraft:jump":20,"minecraft:open_chest":1,"minecraft:time_since_rest":2770,"minecraft:damage_dealt":10,"minecraft:sprint_one_cm":2095,"minecraft:play_time":2770,"minecraft:damage_taken":20,"minecraft:time_since_death":2770,"minecraft:walk_one_cm":5746,"minecraft:total_world_time":2770,"minecraft:mob_kills":1,"minecraft:interact_with_crafting_table":2,"minecraft:fall_one_cm":1231,"minecraft:fly_one_cm":2256},"minecraft:crafted":{"minecraft:oak_planks":12}},"DataVersion":3465}