{"stats":{"minecraft:picked_up":{"minecraft:anvil":1,"minecraft:lead":5,"minecraft:oak_stairs":2,"minecraft:wither_rose":2,"minecraft:amethyst_block":6,"born_in_chaos_v1:black_argillite":3,"minecraft:string":13,"minecraft:cobbled_deepslate":826,"minecraft:bucket":2,"minecraft:calcite":5,"minecraft:enchanted_golden_apple":1,"minecraft:furnace":6,"minecraft:stick":8,"minecraft:torch":5,"travelersbackpack:iron_tier_upgrade":1,"minecraft:porkchop":1,"iceandfire:rotten_egg":1,"minecraft:diorite":27,"quark:ancient_tome":1,"minecraft:rotten_flesh":8,"minecraft:cobblestone":619,"minecraft:feather":5,"minecraft:iron_door":2,"minecraft:andesite":27,"minecraft:black_bed":1,"minecraft:flint":1,"minecraft:tuff":9,"minecraft:dirt":14,"minecraft:name_tag":2,"minecraft:bone":7,"minecraft:wheat_seeds":8,"minecraft:raw_gold":46,"minecraft:mossy_stone_bricks":4,"minecraft:glowstone_dust":76,"minecraft:oak_planks":7,"minecraft:sand":24,"minecraft:dark_oak_log":36,"alexsmobs:animal_dictionary":1,"minecraft:diamond":20,"waystones:waystone":1,"minecraft:granite":40,"minecraft:golden_apple":3,"minecraft:oak_sapling":4,"minecraft:bread":12,"alexsmobs:maggot":2,"born_in_chaos_v1:rotten_fish":1,"minecraft:netherrack":41,"minecraft:crimson_roots":1,"minecraft:crafting_table":12,"minecraft:coarse_dirt":5,"born_in_chaos_v1:diamond_termite_shard":24,"born_in_chaos_v1:river_mint":1,"minecraft:wooden_pickaxe":1,"minecraft:cracked_stone_bricks":1,"minecraft:beef":42,"born_in_chaos_v1:gnawed_bones":1,"minecraft:egg":5,"minecraft:dark_oak_sapling":8,"minecraft:raw_iron":58,"minecraft:stone":1,"quark:green_corundum_cluster":1,"minecraft:oak_door":2,"minecraft:redstone":14,"born_in_chaos_v1:pieceofdarkmetal":5,"minecraft:carrot":1,"minecraft:prismarine_crystals":3,"minecraft:dark_oak_planks":193,"artifacts:everlasting_beef":1,"mowziesmobs:umvuthana_mask_faith":1,"minecraft:arrow":8,"minecraft:hay_block":6,"mowziesmobs:umvuthana_mask_bliss":1,"minecraft:saddle":1,"minecraft:white_wool":3,"minecraft:rail":3,"born_in_chaos_v1:corpse_maggot":4,"artifacts:eternal_steak":1,"born_in_chaos_v1:pumpkin_staff":1,"minecraft:leather":17,"minecraft:oak_log":21,"iceandfire:ectoplasm":5,"minecraft:yellow_bed":3,"minecraft:gunpowder":1,"mowziesmobs:wrought_axe":1,"minecraft:apple":1,"minecraft:iron_ingot":5,"minecraft:cooked_chicken":2,"minecraft:iron_ore":78,"minecraft:gray_bed":10,"minecraft:iron_sword":1,"mowziesmobs:umvuthana_mask_misery":1,"minecraft:smooth_basalt":2,"minecraft:pumpkin":8,"minecraft:quartz":28,"minecraft:dandelion":1,"minecraft:gravel":1,"minecraft:amethyst_shard":4,"mowziesmobs:wrought_helmet":1,"minecraft:spider_eye":6,"minecraft:coal_ore":1,"minecraft:stone_axe":1,"minecraft:oak_button":1,"minecraft:coal":142,"minecraft:ender_pearl":1},"minecraft:killed_by":{"minecraft:cave_spider":1},"minecraft:killed":{"minecraft:cave_spider":2,"born_in_chaos_v1:mr_pumpkin":8,"minecraft:spider":11,"born_in_chaos_v1:siamese_skeletonsright":1,"minecraft:skeleton":24,"mowziesmobs:umvuthana_crane":1,"minecraft:pig":1,"born_in_chaos_v1:diamond_termite":23,"minecraft:iron_golem":1,"minecraft:creeper":2,"iceandfire:cockatrice":1,"minecraft:trader_llama":2,"minecraft:zombie":24,"alexsmobs:fly":1,"born_in_chaos_v1:siamese_skeletonsleft":1,"minecraft:cow":14,"born_in_chaos_v1:zombie_bruiser":2,"born_in_chaos_v1:maggot":3,"mowziesmobs:ferrous_wroughtnaut":1,"minecraft:drowned":1,"born_in_chaos_v1:corpse_fish":1,"goblintraders:goblin_trader":1,"mowziesmobs:umvuthana":3,"born_in_chaos_v1:barrel_zombie":1,"minecraft:bat":1,"minecraft:wandering_trader":1,"born_in_chaos_v1:bloody_gadfly":3,"endermanoverhaul:cave_enderman":1,"iceandfire:ghost":9,"alexsmobs:gazelle":1},"minecraft:mined":{"minecraft:dark_oak_planks":3,"minecraft:granite":47,"minecraft:grass_block":6,"born_in_chaos_v1:dark_metal_deposit":1,"quark:green_corundum_cluster":1,"minecraft:oxeye_daisy":1,"minecraft:spawner":18,"minecraft:glowstone":13,"minecraft:iron_ore":46,"minecraft:cobbled_deepslate":10,"minecraft:fire":1,"minecraft:pumpkin":8,"minecraft:anvil":1,"minecraft:oak_stairs":1,"minecraft:crimson_nylium":1,"minecraft:amethyst_cluster":1,"born_in_chaos_v1:infected_deepslate_diamond_ore":10,"minecraft:torch":3,"minecraft:calcite":5,"minecraft:nether_quartz_ore":14,"minecraft:cobblestone":30,"minecraft:oak_planks":7,"minecraft:iron_door":2,"minecraft:amethyst_block":6,"minecraft:powered_rail":1,"minecraft:black_bed":1,"minecraft:wither_rose":2,"minecraft:grass":52,"minecraft:oak_log":2,"minecraft:sand":24,"minecraft:dirt":18,"minecraft:smooth_basalt":2,"minecraft:netherrack":41,"minecraft:oak_leaves":3,"minecraft:deepslate":128,"minecraft:tuff":26,"iceandfire:silver_ore":2,"minecraft:deepslate_diamond_ore":5,"minecraft:oak_door":1,"born_in_chaos_v1:infected_diamond_ore":3,"born_in_chaos_v1:black_argillite":3,"born_in_chaos_v1:gnawed_bones":1,"minecraft:hay_block":6,"minecraft:furnace":5,"minecraft:carrots":1,"minecraft:andesite":50,"treechop:chopped_log":5,"minecraft:deepslate_iron_ore":3,"minecraft:vine":2,"minecraft:rail":1,"minecraft:stone":707,"minecraft:dandelion":1,"minecraft:crafting_table":12,"minecraft:tall_grass":26,"minecraft:copper_ore":1,"minecraft:diorite":55,"supplementaries:urn":3,"minecraft:coarse_dirt":3,"minecraft:gray_bed":10,"minecraft:yellow_bed":3,"minecraft:coal_ore":47,"minecraft:gravel":2,"minecraft:cobweb":8,"minecraft:cracked_stone_bricks":9,"minecraft:oak_button":1,"minecraft:stone_bricks":8,"minecraft:mossy_stone_bricks":4,"minecraft:fern":1},"minecraft:broken":{"minecraft:iron_sword":1,"minecraft:shield":2,"minecraft:iron_pickaxe":3},"minecraft:custom":{"minecraft:interact_with_crafting_table":46,"minecraft:open_barrel":119,"minecraft:leave_game":6,"minecraft:time_since_death":102877,"minecraft:sprint_one_cm":724779,"minecraft:damage_blocked_by_shield":2290,"minecraft:drop":147,"minecraft:play_time":273378,"minecraft:deaths":18,"minecraft:jump":5311,"minecraft:walk_on_water_one_cm":65718,"minecraft:interact_with_furnace":46,"minecraft:sleep_in_bed":12,"minecraft:waystone_activated":1,"minecraft:damage_dealt":28731,"minecraft:crouch_one_cm":55093,"minecraft:interact_with_smoker":1,"minecraft:interact_with_smithing_table":2,"minecraft:mob_kills":155,"minecraft:interact_with_anvil":2,"minecraft:damage_dealt_resisted":1134,"minecraft:climb_one_cm":7173,"minecraft:walk_one_cm":792814,"minecraft:sneak_time":20883,"minecraft:walk_under_water_one_cm":30053,"minecraft:total_world_time":273378,"minecraft:tune_noteblock":12,"minecraft:time_since_rest":35329,"minecraft:damage_taken":12347,"minecraft:damage_absorbed":78,"minecraft:trigger_trapped_chest":2,"minecraft:swim_one_cm":120120,"minecraft:fly_one_cm":1143582,"minecraft:open_chest":48,"minecraft:fall_one_cm":123192},"minecraft:used":{"minecraft:chest":2,"minecraft:shield":31,"minecraft:iron_sword":404,"minecraft:carrot":1,"minecraft:lava_bucket":11,"minecraft:coal_ore":1,"minecraft:iron_helmet":1,"iceandfire:ghost_chest":4,"minecraft:furnace":6,"minecraft:oak_sapling":4,"minecraft:gray_bed":9,"minecraft:egg":4,"minecraft:mossy_stone_bricks":1,"minecraft:diamond_boots":1,"minecraft:stone_pickaxe":175,"minecraft:wooden_pickaxe":9,"artifacts:eternal_steak":76,"minecraft:golden_apple":2,"minecraft:bread":8,"minecraft:iron_door":2,"minecraft:smithing_table":1,"minecraft:coarse_dirt":3,"minecraft:cooked_chicken":2,"minecraft:netherrack":11,"simpletomb:grave_key":30,"minecraft:torch":256,"minecraft:dirt":8,"minecraft:anvil":1,"minecraft:diamond_helmet":3,"minecraft:granite":6,"mowziesmobs:wrought_helmet":2,"minecraft:dark_oak_planks":62,"minecraft:iron_boots":1,"minecraft:smooth_basalt":2,"minecraft:diamond_chestplate":1,"minecraft:cobbled_deepslate":151,"minecraft:water_bucket":22,"minecraft:iron_ore":2,"minecraft:baked_potato":1,"minecraft:cracked_stone_bricks":1,"minecraft:rail":1,"minecraft:crafting_table":15,"justhammers:diamond_hammer":423,"justhammers:iron_hammer":83,"mowziesmobs:wrought_axe":162,"minecraft:oak_log":2,"minecraft:apple":1,"minecraft:oak_button":2,"minecraft:iron_pickaxe":1133,"minecraft:stone_axe":79,"minecraft:cobblestone":87,"minecraft:bucket":34,"minecraft:yellow_bed":3,"minecraft:diamond_leggings":1},"minecraft:crafted":{"minecraft:oak_planks":76,"travelersbackpack:crafting_upgrade":1,"minecraft:glass":24,"minecraft:diamond_helmet":1,"minecraft:diamond_leggings":1,"minecraft:iron_boots":1,"justhammers:diamond_hammer":1,"minecraft:chest":2,"iceandfire:ghost_chest":4,"minecraft:oak_button":1,"minecraft:iron_door":3,"minecraft:crafting_table":4,"travelersbackpack:standard":4,"minecraft:wooden_pickaxe":2,"minecraft:iron_helmet":1,"minecraft:smithing_table":1,"minecraft:pumpkin_seeds":32,"minecraft:iron_chestplate":1,"minecraft:shield":3,"minecraft:stick":88,"quark:oak_chest":3,"minecraft:iron_ingot":61,"minecraft:iron_pickaxe":4,"minecraft:iron_block":28,"minecraft:gold_ingot":1,"minecraft:shears":1,"artifacts:eternal_steak":1,"minecraft:furnace":1,"travelersbackpack:blank_upgrade":4,"quark:dark_oak_chest":1,"minecraft:diamond":2,"travelersbackpack:white_sleeping_bag":1,"minecraft:stone_pickaxe":2,"minecraft:diamond_boots":1,"minecraft:dark_oak_planks":144,"minecraft:wheat":54,"minecraft:coal_block":10,"travelersbackpack:backpack_tank":4,"minecraft:iron_sword":3,"minecraft:bucket":1,"minecraft:bone":6,"minecraft:stone_axe":1,"minecraft:bread":18,"minecraft:air":0,"justhammers:iron_hammer":1,"minecraft:anvil":1,"minecraft:torch":220,"minecraft:diamond_chestplate":1},"minecraft:dropped":{"quark:green_corundum_cluster":1,"iceandfire:ectoplasm":1,"minecraft:rail":1,"minecraft:dirt":6,"minecraft:crimson_roots":1,"minecraft:amethyst_shard":4,"minecraft:dark_oak_planks":64,"minecraft:oak_door":1,"minecraft:cobbled_deepslate":568,"minecraft:rotten_flesh":3,"minecraft:oak_planks":23,"justhammers:iron_hammer":1,"born_in_chaos_v1:corpse_maggot":2,"minecraft:iron_ore":284,"minecraft:beef":19,"justhammers:diamond_hammer":1,"minecraft:wheat_seeds":5,"minecraft:diamond_leggings":1,"minecraft:lead":3,"minecraft:iron_helmet":1,"minecraft:cobblestone":270,"minecraft:amethyst_block":6,"minecraft:tropical_fish":2,"minecraft:stick":2,"born_in_chaos_v1:black_argillite":3,"minecraft:diorite":13,"minecraft:torch":3,"minecraft:iron_door":3,"minecraft:oak_stairs":2,"minecraft:string":8,"minecraft:bucket":2,"minecraft:redstone":14,"minecraft:coarse_dirt":2,"minecraft:tuff":9,"minecraft:iron_boots":1,"minecraft:iron_chestplate":1,"minecraft:andesite":20,"minecraft:mossy_stone_bricks":3,"minecraft:spider_eye":2,"minecraft:stone_pickaxe":1,"minecraft:wooden_pickaxe":1,"minecraft:calcite":5}},"DataVersion":3465}