{"stats":{"minecraft:custom":{"minecraft:interact_with_furnace":4,"minecraft:mob_kills":21,"minecraft:interact_with_crafting_table":9,"minecraft:time_since_death":8549,"minecraft:sleep_in_bed":1,"minecraft:time_since_rest":8594,"minecraft:waystone_activated":1,"minecraft:sprint_one_cm":102139,"minecraft:damage_taken":1563,"minecraft:walk_one_cm":66369,"minecraft:damage_blocked_by_shield":150,"minecraft:drop":2,"minecraft:damage_dealt":3826,"minecraft:swim_one_cm":4147,"minecraft:fly_one_cm":222869,"minecraft:open_chest":4,"minecraft:crouch_one_cm":1866,"minecraft:play_time":28336,"minecraft:deaths":4,"minecraft:sneak_time":544,"minecraft:walk_under_water_one_cm":6048,"minecraft:jump":866,"minecraft:walk_on_water_one_cm":1075,"minecraft:total_world_time":28336,"minecraft:fall_one_cm":32574},"minecraft:used":{"minecraft:water_bucket":12,"minecraft:stone_pickaxe":23,"minecraft:wooden_pickaxe":6,"minecraft:shield":5,"simpletomb:grave_key":4,"minecraft:crafting_table":4,"minecraft:dark_oak_planks":12,"minecraft:apple":1,"minecraft:bread":6,"minecraft:iron_pickaxe":14,"minecraft:stone_axe":75,"minecraft:cobblestone":4,"minecraft:furnace":2,"minecraft:oak_sapling":1,"minecraft:bucket":13},"minecraft:dropped":{"minecraft:torch":2},"minecraft:mined":{"minecraft:crafting_table":4,"minecraft:tall_grass":5,"minecraft:cobblestone":4,"born_in_chaos_v1:gnawed_bones":1,"minecraft:hay_block":6,"minecraft:furnace":2,"minecraft:iron_ore":2,"treechop:chopped_log":2,"minecraft:grass":3,"minecraft:coal_ore":9,"minecraft:stone":26},"minecraft:crafted":{"artifacts:eternal_steak":1,"minecraft:oak_planks":24,"minecraft:crafting_table":1,"minecraft:wooden_pickaxe":1,"minecraft:furnace":1,"minecraft:bucket":1,"minecraft:stone_axe":1,"minecraft:bread":18,"minecraft:air":0,"minecraft:shield":1,"minecraft:stick":8,"minecraft:iron_ingot":2,"minecraft:iron_pickaxe":1,"minecraft:stone_pickaxe":1,"minecraft:dark_oak_planks":144,"minecraft:torch":8,"minecraft:wheat":54},"minecraft:killed":{"minecraft:iron_golem":1,"minecraft:wandering_trader":1,"minecraft:creeper":2,"minecraft:trader_llama":2,"minecraft:zombie":3,"iceandfire:ghost":1,"minecraft:cow":11},"minecraft:picked_up":{"minecraft:crafting_table":4,"minecraft:leather":12,"minecraft:lead":2,"minecraft:oak_log":6,"iceandfire:ectoplasm":1,"minecraft:gunpowder":1,"minecraft:apple":1,"minecraft:iron_ingot":5,"minecraft:beef":19,"born_in_chaos_v1:gnawed_bones":1,"minecraft:furnace":2,"minecraft:dark_oak_sapling":8,"minecraft:stick":6,"minecraft:raw_iron":2,"minecraft:dark_oak_log":36,"minecraft:dark_oak_planks":16,"artifacts:everlasting_beef":1,"minecraft:rotten_flesh":3,"minecraft:hay_block":6,"minecraft:oak_sapling":1,"minecraft:coal":9,"minecraft:cobblestone":30}},"DataVersion":3465}