{"stats":{"minecraft:custom":{"minecraft:interact_with_furnace":19,"minecraft:mob_kills":23,"minecraft:interact_with_crafting_table":14,"minecraft:open_barrel":5,"minecraft:leave_game":1,"minecraft:time_since_death":2256,"minecraft:sleep_in_bed":1,"minecraft:climb_one_cm":791,"minecraft:time_since_rest":2288,"minecraft:waystone_activated":1,"minecraft:sprint_one_cm":160167,"minecraft:damage_taken":2524,"minecraft:walk_one_cm":111615,"minecraft:damage_blocked_by_shield":435,"minecraft:drop":8,"minecraft:damage_dealt":4437,"minecraft:swim_one_cm":10586,"minecraft:fly_one_cm":296762,"minecraft:open_chest":11,"minecraft:crouch_one_cm":21499,"minecraft:play_time":51455,"minecraft:deaths":7,"minecraft:sneak_time":7799,"minecraft:walk_under_water_one_cm":6968,"minecraft:jump":1190,"minecraft:walk_on_water_one_cm":2828,"minecraft:interact_with_smoker":1,"minecraft:total_world_time":51455,"minecraft:fall_one_cm":41617},"minecraft:used":{"minecraft:water_bucket":18,"minecraft:stone_pickaxe":126,"minecraft:wooden_pickaxe":6,"minecraft:shield":11,"minecraft:iron_sword":20,"artifacts:eternal_steak":3,"minecraft:netherrack":2,"simpletomb:grave_key":8,"minecraft:torch":38,"minecraft:rail":1,"minecraft:crafting_table":5,"minecraft:dark_oak_planks":44,"minecraft:lava_bucket":11,"minecraft:apple":1,"minecraft:bread":7,"minecraft:iron_pickaxe":266,"minecraft:iron_helmet":1,"minecraft:stone_axe":78,"minecraft:cobblestone":4,"minecraft:furnace":4,"minecraft:oak_sapling":1,"minecraft:bucket":29,"minecraft:yellow_bed":2},"minecraft:dropped":{"minecraft:wheat_seeds":1,"minecraft:rail":1,"minecraft:dirt":2,"minecraft:torch":2,"minecraft:andesite":3,"minecraft:crimson_roots":1,"minecraft:mossy_stone_bricks":1},"minecraft:mined":{"minecraft:dark_oak_planks":3,"minecraft:crimson_nylium":1,"minecraft:crafting_table":5,"minecraft:nether_quartz_ore":14,"minecraft:tall_grass":5,"minecraft:cobblestone":5,"born_in_chaos_v1:gnawed_bones":1,"minecraft:spawner":1,"supplementaries:urn":1,"minecraft:hay_block":6,"minecraft:glowstone":13,"minecraft:furnace":4,"minecraft:iron_ore":23,"minecraft:fire":1,"minecraft:andesite":3,"treechop:chopped_log":2,"minecraft:yellow_bed":2,"minecraft:grass":6,"minecraft:coal_ore":46,"minecraft:rail":1,"minecraft:dirt":2,"minecraft:cobweb":7,"minecraft:stone":241,"minecraft:netherrack":41,"minecraft:mossy_stone_bricks":3},"minecraft:crafted":{"artifacts:eternal_steak":1,"minecraft:oak_planks":24,"minecraft:crafting_table":1,"minecraft:wooden_pickaxe":1,"minecraft:iron_helmet":1,"minecraft:iron_sword":1,"minecraft:furnace":1,"minecraft:bone":6,"minecraft:bucket":1,"minecraft:stone_axe":1,"minecraft:bread":18,"minecraft:air":0,"minecraft:shield":1,"minecraft:stick":28,"minecraft:iron_ingot":13,"minecraft:iron_pickaxe":2,"minecraft:stone_pickaxe":1,"minecraft:dark_oak_planks":144,"minecraft:torch":68,"minecraft:wheat":54},"minecraft:broken":{"minecraft:iron_pickaxe":1},"minecraft:killed":{"minecraft:cave_spider":1,"minecraft:iron_golem":1,"minecraft:wandering_trader":1,"minecraft:creeper":2,"minecraft:skeleton":1,"minecraft:trader_llama":2,"minecraft:zombie":3,"iceandfire:ghost":1,"minecraft:cow":11},"minecraft:picked_up":{"minecraft:crafting_table":5,"minecraft:andesite":3,"minecraft:leather":12,"minecraft:lead":2,"minecraft:oak_log":6,"iceandfire:ectoplasm":1,"minecraft:yellow_bed":2,"minecraft:gunpowder":1,"minecraft:string":8,"minecraft:dirt":2,"minecraft:bone":3,"minecraft:apple":1,"minecraft:wheat_seeds":1,"minecraft:iron_ingot":5,"minecraft:beef":19,"born_in_chaos_v1:gnawed_bones":1,"minecraft:mossy_stone_bricks":3,"minecraft:glowstone_dust":38,"minecraft:furnace":4,"minecraft:dark_oak_sapling":8,"minecraft:stick":6,"minecraft:raw_iron":22,"minecraft:torch":1,"minecraft:quartz":14,"minecraft:dark_oak_log":36,"minecraft:dark_oak_planks":19,"artifacts:everlasting_beef":1,"minecraft:rotten_flesh":3,"minecraft:hay_block":6,"minecraft:oak_sapling":1,"minecraft:netherrack":40,"minecraft:coal":85,"minecraft:crimson_roots":1,"minecraft:rail":2,"minecraft:cobblestone":236},"minecraft:killed_by":{"minecraft:cave_spider":1}},"DataVersion":3465}