{"stats":{"minecraft:custom":{"minecraft:interact_with_furnace":13,"minecraft:mob_kills":21,"minecraft:interact_with_crafting_table":11,"minecraft:leave_game":1,"minecraft:time_since_death":21843,"minecraft:sleep_in_bed":1,"minecraft:climb_one_cm":264,"minecraft:time_since_rest":21888,"minecraft:waystone_activated":1,"minecraft:sprint_one_cm":121068,"minecraft:damage_taken":1593,"minecraft:walk_one_cm":88643,"minecraft:damage_blocked_by_shield":150,"minecraft:drop":5,"minecraft:damage_dealt":3826,"minecraft:swim_one_cm":4147,"minecraft:fly_one_cm":227063,"minecraft:open_chest":4,"minecraft:crouch_one_cm":19748,"minecraft:play_time":41630,"minecraft:deaths":4,"minecraft:sneak_time":6835,"minecraft:walk_under_water_one_cm":6593,"minecraft:jump":970,"minecraft:walk_on_water_one_cm":2184,"minecraft:total_world_time":41630,"minecraft:fall_one_cm":34314},"minecraft:used":{"minecraft:water_bucket":18,"minecraft:stone_pickaxe":104,"minecraft:wooden_pickaxe":6,"minecraft:shield":5,"artifacts:eternal_steak":1,"minecraft:netherrack":2,"simpletomb:grave_key":4,"minecraft:torch":18,"minecraft:crafting_table":5,"minecraft:dark_oak_planks":35,"minecraft:lava_bucket":11,"minecraft:apple":1,"minecraft:bread":6,"minecraft:iron_pickaxe":250,"minecraft:iron_helmet":1,"minecraft:stone_axe":78,"minecraft:cobblestone":4,"minecraft:furnace":4,"minecraft:oak_sapling":1,"minecraft:bucket":29},"minecraft:dropped":{"minecraft:dirt":2,"minecraft:torch":2,"minecraft:crimson_roots":1,"minecraft:andesite":3},"minecraft:mined":{"minecraft:dark_oak_planks":3,"minecraft:crimson_nylium":1,"minecraft:crafting_table":5,"minecraft:nether_quartz_ore":14,"minecraft:tall_grass":5,"minecraft:cobblestone":5,"born_in_chaos_v1:gnawed_bones":1,"supplementaries:urn":1,"minecraft:hay_block":6,"minecraft:glowstone":13,"minecraft:furnace":3,"minecraft:fire":1,"minecraft:iron_ore":13,"minecraft:andesite":3,"treechop:chopped_log":2,"minecraft:grass":3,"minecraft:coal_ore":28,"minecraft:rail":1,"minecraft:dirt":2,"minecraft:stone":236,"minecraft:netherrack":41},"minecraft:crafted":{"artifacts:eternal_steak":1,"minecraft:oak_planks":24,"minecraft:crafting_table":1,"minecraft:wooden_pickaxe":1,"minecraft:iron_helmet":1,"minecraft:iron_sword":1,"minecraft:furnace":1,"minecraft:bucket":1,"minecraft:stone_axe":1,"minecraft:bread":18,"minecraft:air":0,"minecraft:shield":1,"minecraft:stick":12,"minecraft:iron_ingot":9,"minecraft:iron_pickaxe":1,"minecraft:stone_pickaxe":1,"minecraft:dark_oak_planks":144,"minecraft:torch":36,"minecraft:wheat":54},"minecraft:broken":{"minecraft:iron_pickaxe":1},"minecraft:killed":{"minecraft:iron_golem":1,"minecraft:wandering_trader":1,"minecraft:creeper":2,"minecraft:trader_llama":2,"minecraft:zombie":3,"iceandfire:ghost":1,"minecraft:cow":11},"minecraft:picked_up":{"minecraft:crafting_table":5,"minecraft:andesite":3,"minecraft:leather":12,"minecraft:lead":2,"minecraft:oak_log":6,"iceandfire:ectoplasm":1,"minecraft:gunpowder":1,"minecraft:dirt":2,"minecraft:bone":2,"minecraft:apple":1,"minecraft:iron_ingot":5,"minecraft:beef":19,"born_in_chaos_v1:gnawed_bones":1,"minecraft:glowstone_dust":38,"minecraft:furnace":3,"minecraft:dark_oak_sapling":8,"minecraft:stick":6,"minecraft:raw_iron":12,"minecraft:torch":1,"minecraft:quartz":14,"minecraft:dark_oak_log":36,"minecraft:dark_oak_planks":19,"artifacts:everlasting_beef":1,"minecraft:rotten_flesh":3,"minecraft:hay_block":6,"minecraft:oak_sapling":1,"minecraft:netherrack":40,"minecraft:rail":1,"minecraft:coal":50,"minecraft:crimson_roots":1,"minecraft:cobblestone":231}},"DataVersion":3465}