{"stats":{"minecraft:picked_up":{"minecraft:anvil":1,"minecraft:lead":5,"minecraft:oak_stairs":2,"minecraft:wither_rose":2,"minecraft:potion":1,"minecraft:amethyst_block":6,"born_in_chaos_v1:black_argillite":3,"minecraft:string":15,"minecraft:smooth_stone_slab":3,"minecraft:cobbled_deepslate":826,"minecraft:bucket":2,"minecraft:spruce_planks":7,"minecraft:calcite":7,"minecraft:enchanted_golden_apple":1,"minecraft:furnace":6,"minecraft:stick":24,"iceandfire:ghost_chest":3,"minecraft:torch":5,"travelersbackpack:iron_tier_upgrade":1,"minecraft:porkchop":1,"minecraft:lightning_rod":1,"iceandfire:rotten_egg":3,"minecraft:diorite":27,"quark:ancient_tome":1,"minecraft:rotten_flesh":29,"born_in_chaos_v1:cultivated_pumpkin":2,"minecraft:waxed_cut_copper":1,"minecraft:cobblestone":620,"minecraft:leather_chestplate":2,"minecraft:feather":5,"minecraft:iron_door":2,"minecraft:andesite":27,"minecraft:black_bed":7,"minecraft:flint":2,"minecraft:tuff":9,"minecraft:dirt":306,"minecraft:name_tag":2,"born_in_chaos_v1:marigolds":3,"minecraft:bone":11,"minecraft:wheat_seeds":35,"minecraft:raw_gold":46,"minecraft:mossy_stone_bricks":4,"minecraft:glowstone_dust":76,"minecraft:oak_planks":7,"minecraft:sand":24,"iceandfire:stymphalian_bird_feather":7,"minecraft:dark_oak_log":36,"alexsmobs:animal_dictionary":1,"minecraft:diamond":32,"iceandfire:lectern":1,"waystones:waystone":1,"minecraft:granite":40,"minecraft:grass":1,"minecraft:golden_apple":4,"minecraft:bread":12,"alexsmobs:maggot":2,"minecraft:oak_sapling":14,"born_in_chaos_v1:rotten_fish":1,"minecraft:netherrack":41,"minecraft:crimson_roots":1,"minecraft:coarse_dirt":5,"minecraft:crafting_table":12,"born_in_chaos_v1:diamond_termite_shard":24,"born_in_chaos_v1:river_mint":1,"minecraft:wooden_pickaxe":1,"minecraft:chain":2,"minecraft:moss_carpet":1,"minecraft:item_frame":1,"minecraft:cracked_stone_bricks":1,"minecraft:candle":6,"iceandfire:hydra_fang":1,"minecraft:beef":42,"born_in_chaos_v1:gnawed_bones":1,"minecraft:chest":2,"minecraft:egg":18,"minecraft:dark_oak_sapling":8,"minecraft:raw_iron":58,"minecraft:stone":1,"quark:green_corundum_cluster":1,"minecraft:oak_door":2,"minecraft:copper_ingot":5,"born_in_chaos_v1:pieceofdarkmetal":6,"minecraft:carrot":1,"minecraft:redstone":14,"minecraft:prismarine_crystals":3,"minecraft:dark_oak_planks":193,"artifacts:everlasting_beef":1,"mowziesmobs:umvuthana_mask_faith":1,"minecraft:arrow":11,"minecraft:hay_block":6,"mowziesmobs:umvuthana_mask_bliss":1,"minecraft:saddle":1,"minecraft:white_wool":4,"minecraft:rail":3,"born_in_chaos_v1:corpse_maggot":4,"born_in_chaos_v1:infernal_evil_pumpkin":5,"born_in_chaos_v1:evil_carved_pumpkin":3,"artifacts:eternal_steak":1,"born_in_chaos_v1:pumpkin_staff":1,"minecraft:leather":17,"minecraft:oak_log":47,"minecraft:lily_pad":1,"iceandfire:ectoplasm":11,"minecraft:yellow_bed":3,"minecraft:gunpowder":1,"mowziesmobs:wrought_axe":2,"minecraft:stone_bricks":2,"minecraft:apple":17,"minecraft:iron_ingot":24,"minecraft:cooked_chicken":2,"minecraft:iron_ore":78,"minecraft:gray_bed":12,"mowziesmobs:umvuthana_mask_misery":1,"minecraft:iron_sword":1,"iceandfire:copper_nugget":6,"minecraft:smooth_basalt":2,"born_in_chaos_v1:death_totem":1,"minecraft:pumpkin":20,"minecraft:chiseled_stone_bricks":2,"born_in_chaos_v1:orbofthe_summoner":1,"minecraft:quartz":28,"minecraft:dandelion":1,"minecraft:gravel":6,"minecraft:amethyst_shard":4,"minecraft:spruce_sapling":3,"mowziesmobs:wrought_helmet":1,"minecraft:spruce_log":2,"minecraft:nether_brick_slab":1,"minecraft:spider_eye":6,"minecraft:pumpkin_seeds":128,"minecraft:coal_ore":1,"minecraft:stone_axe":1,"minecraft:oak_button":1,"minecraft:coal":142,"minecraft:ender_pearl":1},"minecraft:killed_by":{"minecraft:cave_spider":1},"minecraft:killed":{"minecraft:cave_spider":2,"born_in_chaos_v1:mr_pumpkin":8,"minecraft:spider":15,"iceandfire:stymphalian_bird":3,"born_in_chaos_v1:siamese_skeletonsright":1,"minecraft:skeleton":25,"mowziesmobs:umvuthana_crane":1,"born_in_chaos_v1:supreme_bonescaller_stage_2":1,"minecraft:pig":1,"born_in_chaos_v1:diamond_termite":23,"minecraft:iron_golem":1,"iceandfire:hydra":1,"minecraft:creeper":2,"iceandfire:cockatrice":1,"minecraft:trader_llama":2,"minecraft:zombie":34,"alexsmobs:fly":1,"born_in_chaos_v1:siamese_skeletonsleft":1,"minecraft:cow":14,"born_in_chaos_v1:zombie_bruiser":2,"born_in_chaos_v1:maggot":6,"mowziesmobs:ferrous_wroughtnaut":1,"born_in_chaos_v1:corpse_fish":1,"minecraft:drowned":1,"goblintraders:goblin_trader":1,"mowziesmobs:umvuthana":3,"born_in_chaos_v1:barrel_zombie":1,"minecraft:husk":6,"born_in_chaos_v1:bone_imp_minion":2,"minecraft:bat":1,"minecraft:wandering_trader":1,"born_in_chaos_v1:bloody_gadfly":3,"endermanoverhaul:cave_enderman":1,"iceandfire:ghost":20,"alexsmobs:gazelle":1},"minecraft:mined":{"minecraft:dark_oak_planks":3,"born_in_chaos_v1:cultivated_pumpkin":2,"minecraft:spruce_planks":7,"minecraft:granite":47,"minecraft:grass_block":283,"born_in_chaos_v1:dark_metal_deposit":1,"quark:green_corundum_cluster":1,"iceandfire:lectern":1,"minecraft:oxeye_daisy":1,"minecraft:chiseled_stone_bricks":1,"minecraft:spawner":25,"minecraft:glowstone":13,"minecraft:iron_ore":46,"minecraft:cobbled_deepslate":10,"minecraft:fire":2,"minecraft:pumpkin":20,"minecraft:anvil":1,"minecraft:oak_stairs":1,"minecraft:waxed_cut_copper":2,"born_in_chaos_v1:evil_carved_pumpkin":3,"minecraft:crimson_nylium":1,"minecraft:amethyst_cluster":1,"born_in_chaos_v1:infected_deepslate_diamond_ore":10,"minecraft:torch":3,"minecraft:calcite":8,"iceandfire:ghost_chest":3,"minecraft:chest":2,"minecraft:nether_brick_slab":1,"minecraft:nether_quartz_ore":14,"minecraft:cobblestone":30,"minecraft:oak_planks":7,"minecraft:iron_door":2,"minecraft:amethyst_block":6,"minecraft:chain":1,"minecraft:powered_rail":1,"minecraft:pumpkin_stem":2,"minecraft:black_bed":7,"minecraft:wither_rose":2,"minecraft:smooth_stone_slab":3,"minecraft:grass":125,"minecraft:oak_log":2,"minecraft:sand":24,"minecraft:dirt":21,"minecraft:smooth_basalt":2,"minecraft:netherrack":41,"minecraft:oak_leaves":4,"minecraft:deepslate":128,"minecraft:tuff":26,"iceandfire:silver_ore":2,"minecraft:deepslate_diamond_ore":5,"minecraft:candle":2,"minecraft:oak_door":1,"born_in_chaos_v1:infected_diamond_ore":3,"born_in_chaos_v1:black_argillite":3,"born_in_chaos_v1:infernal_evil_pumpkin":5,"born_in_chaos_v1:gnawed_bones":1,"minecraft:hay_block":7,"minecraft:furnace":5,"minecraft:carrots":1,"minecraft:andesite":50,"treechop:chopped_log":10,"minecraft:deepslate_iron_ore":3,"minecraft:vine":2,"minecraft:rail":1,"minecraft:stone":710,"minecraft:dandelion":1,"minecraft:crafting_table":12,"minecraft:lightning_rod":1,"minecraft:tall_grass":39,"minecraft:copper_ore":1,"minecraft:lily_pad":1,"minecraft:diorite":55,"supplementaries:urn":3,"minecraft:coarse_dirt":3,"minecraft:gray_bed":12,"minecraft:yellow_bed":3,"minecraft:coal_ore":47,"minecraft:gravel":8,"minecraft:cobweb":8,"minecraft:cracked_stone_bricks":9,"minecraft:oak_button":1,"minecraft:stone_bricks":10,"minecraft:mossy_stone_bricks":4,"minecraft:fern":1},"minecraft:broken":{"minecraft:iron_shovel":1,"minecraft:diamond_helmet":1,"minecraft:iron_boots":1,"minecraft:iron_leggings":1,"minecraft:diamond_boots":1,"minecraft:iron_sword":1,"minecraft:diamond_chestplate":1,"minecraft:diamond_leggings":1,"minecraft:shield":3,"minecraft:iron_pickaxe":3},"minecraft:custom":{"minecraft:animals_bred":3,"minecraft:interact_with_crafting_table":46,"minecraft:open_barrel":138,"minecraft:leave_game":7,"minecraft:time_since_death":3340,"minecraft:damage_resisted":12,"minecraft:sprint_one_cm":1154746,"minecraft:damage_blocked_by_shield":3235,"minecraft:drop":207,"minecraft:play_time":404630,"minecraft:deaths":29,"minecraft:jump":8846,"minecraft:walk_on_water_one_cm":109417,"minecraft:interact_with_furnace":46,"minecraft:sleep_in_bed":18,"minecraft:waystone_activated":3,"minecraft:damage_dealt":40651,"minecraft:crouch_one_cm":62701,"minecraft:interact_with_smoker":1,"minecraft:interact_with_smithing_table":2,"minecraft:mob_kills":198,"minecraft:interact_with_anvil":2,"minecraft:damage_dealt_resisted":2064,"minecraft:climb_one_cm":15295,"minecraft:walk_one_cm":1192287,"minecraft:sneak_time":23360,"minecraft:walk_under_water_one_cm":44283,"minecraft:boat_one_cm":47724,"minecraft:total_world_time":404630,"minecraft:tune_noteblock":12,"minecraft:time_since_rest":3383,"minecraft:damage_taken":23214,"minecraft:damage_absorbed":78,"minecraft:trigger_trapped_chest":2,"minecraft:swim_one_cm":192070,"minecraft:fly_one_cm":2018794,"minecraft:open_chest":87,"minecraft:fall_one_cm":214406},"minecraft:used":{"iceandfire:lectern":1,"minecraft:iron_shovel":302,"minecraft:chest":4,"minecraft:shield":83,"minecraft:iron_sword":434,"travelersbackpack:diamond":2,"minecraft:rotten_flesh":1,"minecraft:carrot":1,"minecraft:lava_bucket":11,"minecraft:coal_ore":1,"iceandfire:ghost_chest":7,"minecraft:iron_helmet":1,"minecraft:dark_oak_boat":1,"minecraft:oak_sapling":4,"minecraft:furnace":6,"minecraft:gray_bed":12,"minecraft:egg":18,"minecraft:mossy_stone_bricks":1,"minecraft:leather_leggings":1,"minecraft:diamond_boots":1,"minecraft:stone_pickaxe":175,"minecraft:oak_planks":25,"minecraft:wooden_pickaxe":9,"artifacts:eternal_steak":151,"iceandfire:stymphalian_bird_dagger":46,"minecraft:golden_apple":2,"minecraft:black_bed":7,"minecraft:shears":17,"minecraft:pumpkin_seeds":6,"minecraft:lightning_rod":1,"waystones:waystone":1,"born_in_chaos_v1:infernal_evil_pumpkin":6,"minecraft:bread":32,"minecraft:iron_door":2,"minecraft:gravel":3,"minecraft:chainmail_boots":1,"minecraft:smithing_table":1,"minecraft:coarse_dirt":3,"minecraft:experience_bottle":2,"minecraft:flint_and_steel":31,"minecraft:spruce_planks":2,"minecraft:cooked_chicken":2,"minecraft:stone_hoe":6,"minecraft:netherrack":11,"simpletomb:grave_key":83,"minecraft:torch":265,"minecraft:dirt":36,"minecraft:anvil":1,"minecraft:chainmail_chestplate":1,"minecraft:diamond_helmet":5,"minecraft:granite":6,"mowziesmobs:wrought_helmet":2,"minecraft:dark_oak_planks":62,"minecraft:iron_boots":1,"minecraft:smooth_basalt":2,"minecraft:diamond_chestplate":1,"minecraft:cobbled_deepslate":151,"minecraft:water_bucket":25,"minecraft:iron_ore":2,"minecraft:baked_potato":1,"minecraft:cracked_stone_bricks":1,"minecraft:rail":1,"minecraft:crafting_table":15,"justhammers:diamond_hammer":423,"born_in_chaos_v1:cultivated_pumpkin":2,"justhammers:iron_hammer":83,"mowziesmobs:wrought_axe":343,"minecraft:oak_log":2,"minecraft:apple":1,"minecraft:oak_button":2,"minecraft:iron_pickaxe":1160,"minecraft:spruce_sapling":3,"minecraft:stone_axe":79,"minecraft:cobblestone":96,"minecraft:bucket":37,"minecraft:yellow_bed":3,"minecraft:diamond_leggings":1},"minecraft:crafted":{"minecraft:oak_planks":180,"travelersbackpack:crafting_upgrade":1,"minecraft:dark_oak_boat":1,"minecraft:glass":24,"minecraft:diamond_helmet":1,"minecraft:diamond_leggings":1,"minecraft:iron_boots":3,"justhammers:diamond_hammer":1,"minecraft:chest":2,"iceandfire:ghost_chest":4,"minecraft:oak_button":1,"minecraft:iron_door":3,"minecraft:stone_hoe":1,"minecraft:crafting_table":4,"minecraft:iron_helmet":1,"minecraft:wooden_pickaxe":2,"travelersbackpack:standard":4,"minecraft:smithing_table":1,"minecraft:pumpkin_seeds":80,"minecraft:iron_chestplate":2,"minecraft:shield":4,"minecraft:stick":96,"quark:oak_chest":3,"minecraft:iron_ingot":61,"minecraft:iron_pickaxe":4,"minecraft:iron_block":32,"minecraft:gold_ingot":1,"minecraft:shears":1,"artifacts:eternal_steak":1,"minecraft:furnace":1,"travelersbackpack:blank_upgrade":4,"minecraft:flint_and_steel":1,"quark:dark_oak_chest":1,"minecraft:diamond":2,"travelersbackpack:white_sleeping_bag":1,"minecraft:stone_pickaxe":2,"minecraft:diamond_boots":1,"minecraft:dark_oak_planks":144,"minecraft:wheat":54,"minecraft:coal_block":10,"travelersbackpack:backpack_tank":4,"minecraft:iron_sword":3,"minecraft:bucket":1,"minecraft:bone":6,"minecraft:stone_axe":1,"minecraft:bread":18,"minecraft:air":0,"justhammers:iron_hammer":1,"iceandfire:stymphalian_bird_dagger":1,"minecraft:iron_shovel":1,"minecraft:iron_leggings":1,"born_in_chaos_v1:infernal_evil_pumpkin":1,"minecraft:anvil":1,"minecraft:torch":260,"minecraft:diamond_chestplate":1},"minecraft:dropped":{"quark:green_corundum_cluster":1,"minecraft:candle":2,"minecraft:porkchop":1,"iceandfire:ectoplasm":9,"minecraft:rail":1,"minecraft:dirt":21,"minecraft:grass":1,"minecraft:crimson_roots":1,"minecraft:chain":2,"minecraft:amethyst_shard":4,"minecraft:dark_oak_planks":64,"minecraft:bone":1,"minecraft:oak_door":2,"minecraft:cobbled_deepslate":568,"minecraft:rotten_flesh":25,"minecraft:oak_planks":23,"justhammers:iron_hammer":1,"minecraft:chiseled_stone_bricks":2,"minecraft:leather_chestplate":2,"born_in_chaos_v1:corpse_maggot":4,"minecraft:iron_ore":284,"minecraft:arrow":3,"minecraft:beef":42,"born_in_chaos_v1:marigolds":2,"minecraft:bread":1,"justhammers:diamond_hammer":1,"minecraft:wheat_seeds":27,"minecraft:diamond_leggings":1,"minecraft:lead":3,"minecraft:iron_helmet":1,"minecraft:cobblestone":274,"minecraft:apple":14,"minecraft:amethyst_block":6,"minecraft:copper_ingot":2,"minecraft:tropical_fish":2,"mowziesmobs:wrought_axe":1,"minecraft:stick":2,"born_in_chaos_v1:black_argillite":3,"minecraft:diorite":13,"iceandfire:copper_nugget":6,"minecraft:torch":3,"minecraft:iron_door":3,"minecraft:oak_stairs":2,"minecraft:string":10,"minecraft:lily_pad":1,"minecraft:bucket":2,"minecraft:redstone":14,"minecraft:coarse_dirt":2,"minecraft:smooth_stone_slab":3,"minecraft:tuff":9,"minecraft:iron_boots":1,"minecraft:pumpkin_seeds":47,"minecraft:stone":1,"minecraft:spruce_planks":5,"minecraft:iron_chestplate":1,"minecraft:andesite":20,"minecraft:mossy_stone_bricks":3,"minecraft:stone_bricks":2,"minecraft:spider_eye":2,"minecraft:stone_pickaxe":1,"minecraft:wooden_pickaxe":1,"minecraft:calcite":7}},"DataVersion":3465}