{"stats":{"minecraft:picked_up":{"minecraft:iron_chestplate":2,"minecraft:wheat":47,"minecraft:anvil":1,"minecraft:lead":5,"minecraft:oak_stairs":2,"minecraft:wither_rose":2,"minecraft:potion":1,"minecraft:amethyst_block":6,"born_in_chaos_v1:holiday_candy":23,"born_in_chaos_v1:black_argillite":3,"iceandfire:manuscript":2,"minecraft:string":15,"minecraft:smooth_stone_slab":3,"minecraft:cobbled_deepslate":826,"minecraft:bucket":2,"minecraft:spruce_planks":7,"minecraft:calcite":7,"minecraft:iron_pickaxe":1,"minecraft:enchanted_golden_apple":1,"minecraft:iron_boots":1,"minecraft:furnace":6,"minecraft:stick":26,"iceandfire:ghost_chest":3,"mowziesmobs:sol_visage":1,"minecraft:oak_fence":1,"minecraft:torch":7,"travelersbackpack:iron_tier_upgrade":1,"minecraft:porkchop":1,"minecraft:lightning_rod":1,"iceandfire:rotten_egg":4,"minecraft:diorite":27,"quark:ancient_tome":1,"minecraft:rotten_flesh":36,"iceandfire:fire_dragon_heart":1,"born_in_chaos_v1:cultivated_pumpkin":2,"supplementaries:ash":4,"minecraft:waxed_cut_copper":1,"minecraft:cobblestone":636,"minecraft:leather_chestplate":2,"minecraft:feather":17,"minecraft:iron_door":2,"minecraft:andesite":27,"minecraft:black_bed":7,"minecraft:flint":2,"minecraft:tuff":9,"minecraft:dirt":307,"minecraft:name_tag":2,"grapplemod:ropeupgradeitem":1,"born_in_chaos_v1:marigolds":3,"minecraft:bone":18,"minecraft:wheat_seeds":136,"minecraft:raw_gold":46,"minecraft:mossy_stone_bricks":4,"minecraft:glowstone_dust":76,"grapplemod:throwupgradeitem":1,"minecraft:oak_planks":7,"iceandfire:dragon_skull_fire":1,"minecraft:sand":36,"iceandfire:stymphalian_bird_feather":7,"minecraft:dark_oak_log":36,"alexsmobs:animal_dictionary":1,"minecraft:dark_prismarine":14,"grapplemod:motorupgradeitem":1,"minecraft:diamond":32,"iceandfire:lectern":2,"waystones:waystone":2,"minecraft:granite":40,"minecraft:grass":1,"minecraft:golden_apple":4,"minecraft:bread":12,"alexsmobs:maggot":2,"minecraft:oak_sapling":14,"born_in_chaos_v1:rotten_fish":1,"minecraft:netherrack":41,"minecraft:crimson_roots":1,"iceandfire:dragon_skull_lightning":2,"minecraft:coarse_dirt":6,"minecraft:crafting_table":12,"born_in_chaos_v1:diamond_termite_shard":24,"born_in_chaos_v1:river_mint":1,"minecraft:leather_leggings":1,"minecraft:wooden_pickaxe":1,"minecraft:chain":2,"minecraft:moss_carpet":1,"minecraft:item_frame":1,"minecraft:cracked_stone_bricks":1,"minecraft:candle":6,"iceandfire:hydra_fang":1,"minecraft:beef":55,"born_in_chaos_v1:gnawed_bones":1,"minecraft:chest":2,"minecraft:egg":74,"minecraft:dark_oak_sapling":8,"minecraft:raw_iron":58,"iceandfire:dragonbone":22,"iceandfire:dragonscales_gray":26,"minecraft:stone":1,"quark:green_corundum_cluster":1,"minecraft:oak_door":2,"minecraft:copper_ingot":5,"born_in_chaos_v1:pieceofdarkmetal":6,"minecraft:carrot":1,"minecraft:redstone":14,"minecraft:prismarine_crystals":3,"minecraft:dark_oak_planks":193,"mowziesmobs:umvuthana_mask_faith":1,"artifacts:everlasting_beef":1,"minecraft:arrow":20,"minecraft:hay_block":6,"mowziesmobs:umvuthana_mask_bliss":4,"minecraft:saddle":1,"domesticationinnovation:collar_tag":1,"minecraft:rail":3,"minecraft:white_wool":8,"born_in_chaos_v1:corpse_maggot":8,"born_in_chaos_v1:infernal_evil_pumpkin":10,"born_in_chaos_v1:evil_carved_pumpkin":3,"artifacts:eternal_steak":1,"born_in_chaos_v1:pumpkin_staff":2,"grapplemod:block_grapple_modifier":1,"minecraft:leather":21,"minecraft:oak_log":47,"minecraft:lily_pad":1,"iceandfire:ectoplasm":11,"minecraft:yellow_bed":6,"minecraft:gunpowder":1,"mowziesmobs:wrought_axe":2,"born_in_chaos_v1:soul_cutlass":1,"minecraft:apple":17,"minecraft:stone_bricks":2,"minecraft:iron_ingot":24,"minecraft:cooked_chicken":2,"minecraft:iron_ore":78,"minecraft:gray_bed":15,"minecraft:iron_sword":1,"iceandfire:fire_dragon_flesh":3,"mowziesmobs:umvuthana_mask_misery":2,"iceandfire:copper_nugget":6,"minecraft:smooth_basalt":2,"born_in_chaos_v1:death_totem":1,"minecraft:pumpkin":20,"minecraft:chiseled_stone_bricks":2,"born_in_chaos_v1:orbofthe_summoner":1,"minecraft:quartz":28,"minecraft:dandelion":1,"minecraft:gravel":6,"minecraft:amethyst_shard":4,"mowziesmobs:wrought_helmet":1,"minecraft:spruce_sapling":13,"minecraft:spruce_log":16,"minecraft:nether_brick_slab":2,"minecraft:spider_eye":6,"minecraft:pumpkin_seeds":130,"minecraft:coal_ore":1,"minecraft:stone_axe":1,"minecraft:gray_wool":4,"minecraft:oak_button":1,"mowziesmobs:umvuthana_mask_fear":1,"minecraft:coal":142,"minecraft:ender_pearl":2},"minecraft:killed_by":{"alexsmobs:elephant":1,"minecraft:cave_spider":1},"minecraft:killed":{"minecraft:cave_spider":2,"born_in_chaos_v1:mr_pumpkin":11,"born_in_chaos_v1:sir_the_headless":1,"minecraft:spider":15,"iceandfire:stymphalian_bird":3,"born_in_chaos_v1:siamese_skeletonsright":1,"minecraft:skeleton":32,"mowziesmobs:umvuthana_crane_player":1,"mowziesmobs:umvuthana_crane":4,"born_in_chaos_v1:supreme_bonescaller_stage_2":1,"minecraft:pig":1,"born_in_chaos_v1:diamond_termite":23,"minecraft:iron_golem":1,"iceandfire:hydra":1,"minecraft:creeper":2,"endermanoverhaul:savanna_enderman":1,"iceandfire:cockatrice":1,"minecraft:trader_llama":2,"minecraft:zombie":48,"born_in_chaos_v1:corpse_fly":1,"alexsmobs:fly":1,"iceandfire:lightning_dragon":1,"born_in_chaos_v1:siamese_skeletonsleft":1,"minecraft:cow":19,"born_in_chaos_v1:zombie_bruiser":2,"born_in_chaos_v1:maggot":12,"born_in_chaos_v1:pumpkinhead":1,"mowziesmobs:ferrous_wroughtnaut":1,"iceandfire:fire_dragon":1,"minecraft:drowned":1,"born_in_chaos_v1:corpse_fish":1,"goblintraders:goblin_trader":1,"mowziesmobs:umvuthana":4,"born_in_chaos_v1:barrel_zombie":1,"minecraft:husk":6,"born_in_chaos_v1:felsteed":1,"born_in_chaos_v1:bone_imp_minion":2,"born_in_chaos_v1:baby_skeleton":1,"minecraft:bat":1,"minecraft:wandering_trader":1,"born_in_chaos_v1:decrepit_skeleton":1,"born_in_chaos_v1:bloody_gadfly":3,"endermanoverhaul:cave_enderman":1,"iceandfire:ghost":23,"alexsmobs:gazelle":1},"minecraft:mined":{"minecraft:dark_oak_planks":3,"born_in_chaos_v1:cultivated_pumpkin":2,"minecraft:spruce_planks":7,"minecraft:granite":47,"born_in_chaos_v1:dark_metal_deposit":1,"minecraft:grass_block":284,"quark:green_corundum_cluster":1,"iceandfire:lectern":2,"minecraft:oxeye_daisy":1,"minecraft:chiseled_stone_bricks":1,"minecraft:spawner":25,"minecraft:glowstone":13,"minecraft:iron_ore":46,"minecraft:fire":3,"minecraft:cobbled_deepslate":10,"minecraft:pumpkin":20,"minecraft:anvil":1,"minecraft:oak_stairs":1,"minecraft:waxed_cut_copper":2,"born_in_chaos_v1:evil_carved_pumpkin":3,"minecraft:crimson_nylium":1,"minecraft:amethyst_cluster":1,"born_in_chaos_v1:infected_deepslate_diamond_ore":10,"minecraft:torch":3,"grapplemod:block_grapple_modifier":1,"minecraft:calcite":8,"iceandfire:ghost_chest":3,"minecraft:chest":2,"minecraft:nether_brick_slab":1,"minecraft:nether_quartz_ore":14,"minecraft:cobblestone":30,"minecraft:oak_planks":7,"minecraft:iron_door":2,"minecraft:amethyst_block":6,"minecraft:chain":1,"minecraft:powered_rail":1,"minecraft:wheat":20,"minecraft:pumpkin_stem":8,"minecraft:black_bed":7,"minecraft:wither_rose":2,"minecraft:smooth_stone_slab":3,"minecraft:grass":241,"minecraft:oak_log":2,"minecraft:sand":36,"minecraft:dirt":21,"minecraft:smooth_basalt":2,"born_in_chaos_v1:infernal_evil_pumpkin_s":1,"minecraft:netherrack":41,"minecraft:oak_leaves":4,"minecraft:deepslate":128,"minecraft:dark_prismarine":14,"minecraft:tuff":26,"iceandfire:silver_ore":2,"minecraft:deepslate_diamond_ore":5,"minecraft:candle":2,"minecraft:oak_door":1,"born_in_chaos_v1:infected_diamond_ore":3,"born_in_chaos_v1:black_argillite":3,"born_in_chaos_v1:infernal_evil_pumpkin":10,"born_in_chaos_v1:gnawed_bones":1,"minecraft:hay_block":7,"minecraft:furnace":5,"minecraft:carrots":1,"minecraft:andesite":50,"treechop:chopped_log":12,"minecraft:vine":2,"minecraft:deepslate_iron_ore":3,"minecraft:rail":1,"minecraft:stone":726,"minecraft:dandelion":1,"minecraft:oak_fence":1,"minecraft:crafting_table":12,"minecraft:lightning_rod":1,"minecraft:copper_ore":1,"minecraft:tall_grass":86,"minecraft:lily_pad":1,"minecraft:diorite":55,"supplementaries:urn":3,"minecraft:coarse_dirt":4,"minecraft:gray_bed":15,"minecraft:yellow_bed":6,"minecraft:coal_ore":47,"minecraft:gravel":8,"minecraft:cobweb":8,"minecraft:cracked_stone_bricks":9,"minecraft:oak_button":1,"minecraft:stone_bricks":10,"minecraft:mossy_stone_bricks":4,"minecraft:fern":1},"minecraft:broken":{"minecraft:iron_shovel":1,"minecraft:diamond_helmet":1,"minecraft:iron_boots":1,"minecraft:iron_leggings":1,"minecraft:diamond_boots":1,"minecraft:iron_sword":1,"minecraft:diamond_chestplate":1,"minecraft:diamond_leggings":1,"minecraft:shield":3,"minecraft:iron_pickaxe":3},"minecraft:custom":{"minecraft:animals_bred":28,"minecraft:interact_with_crafting_table":48,"minecraft:open_barrel":140,"minecraft:leave_game":13,"minecraft:time_since_death":7152,"minecraft:damage_resisted":12,"minecraft:sprint_one_cm":1597819,"minecraft:damage_blocked_by_shield":3634,"minecraft:drop":242,"minecraft:talked_to_villager":1,"minecraft:play_time":554062,"minecraft:deaths":37,"minecraft:jump":12689,"minecraft:walk_on_water_one_cm":117100,"minecraft:interact_with_furnace":62,"minecraft:sleep_in_bed":28,"minecraft:waystone_activated":4,"minecraft:damage_dealt":49734,"minecraft:crouch_one_cm":73425,"minecraft:interact_with_smoker":1,"minecraft:interact_with_smithing_table":4,"minecraft:interact_with_anvil":3,"minecraft:mob_kills":250,"minecraft:damage_dealt_resisted":3068,"minecraft:climb_one_cm":17505,"minecraft:walk_one_cm":1541936,"minecraft:sneak_time":26381,"minecraft:walk_under_water_one_cm":48577,"minecraft:boat_one_cm":47724,"minecraft:total_world_time":554062,"minecraft:tune_noteblock":12,"minecraft:time_since_rest":7014,"minecraft:damage_absorbed":78,"minecraft:damage_taken":30107,"minecraft:trigger_trapped_chest":3,"minecraft:swim_one_cm":220201,"minecraft:fly_one_cm":3131748,"minecraft:open_chest":125,"minecraft:fall_one_cm":367863},"minecraft:used":{"iceandfire:lectern":1,"minecraft:iron_shovel":314,"minecraft:oak_sign":1,"minecraft:chest":4,"grapplemod:block_grapple_modifier":1,"minecraft:shield":112,"minecraft:iron_sword":434,"travelersbackpack:diamond":2,"minecraft:rotten_flesh":1,"iceandfire:armor_gray_leggings":1,"mowziesmobs:umvuthana_mask_bliss":2,"minecraft:carrot":1,"born_in_chaos_v1:soul_cutlass":62,"minecraft:lava_bucket":11,"minecraft:coal_ore":1,"iceandfire:armor_gray_boots":1,"born_in_chaos_v1:mint_candy":1,"iceandfire:ghost_chest":7,"minecraft:iron_helmet":1,"minecraft:dark_oak_boat":1,"minecraft:oak_sapling":4,"minecraft:furnace":8,"minecraft:gray_bed":15,"minecraft:egg":74,"minecraft:mossy_stone_bricks":1,"minecraft:leather_leggings":1,"minecraft:diamond_boots":1,"supplementaries:sign_post_oak":1,"minecraft:stone_pickaxe":175,"minecraft:gray_carpet":3,"minecraft:oak_planks":38,"minecraft:wooden_pickaxe":9,"artifacts:eternal_steak":208,"iceandfire:stymphalian_bird_dagger":157,"minecraft:golden_apple":2,"minecraft:black_bed":7,"minecraft:shears":17,"minecraft:pumpkin_seeds":6,"minecraft:lightning_rod":1,"waystones:waystone":2,"born_in_chaos_v1:infernal_evil_pumpkin":11,"minecraft:bread":32,"minecraft:iron_door":2,"minecraft:gravel":3,"minecraft:chainmail_boots":1,"minecraft:smithing_table":2,"minecraft:coarse_dirt":3,"minecraft:oak_fence":4,"minecraft:experience_bottle":2,"iceandfire:armor_gray_helmet":4,"minecraft:flint_and_steel":35,"minecraft:spruce_planks":20,"minecraft:cooked_chicken":2,"minecraft:stone_hoe":6,"minecraft:netherrack":11,"simpletomb:grave_key":90,"minecraft:torch":267,"minecraft:dirt":37,"minecraft:anvil":1,"minecraft:chainmail_chestplate":1,"minecraft:diamond_helmet":5,"minecraft:granite":6,"mowziesmobs:wrought_helmet":2,"minecraft:dark_oak_planks":62,"minecraft:iron_boots":1,"minecraft:smooth_basalt":2,"minecraft:diamond_chestplate":1,"minecraft:cobbled_deepslate":151,"minecraft:wheat_seeds":20,"minecraft:water_bucket":41,"minecraft:iron_ore":2,"minecraft:baked_potato":1,"iceandfire:dragon_skull_lightning":2,"minecraft:cracked_stone_bricks":1,"minecraft:rail":1,"justhammers:diamond_hammer":423,"minecraft:crafting_table":16,"born_in_chaos_v1:cultivated_pumpkin":2,"justhammers:iron_hammer":83,"mowziesmobs:wrought_axe":387,"minecraft:oak_log":2,"minecraft:apple":1,"minecraft:oak_button":2,"minecraft:iron_pickaxe":1193,"minecraft:spruce_sapling":3,"mowziesmobs:sol_visage":1,"minecraft:stone_axe":79,"minecraft:cobblestone":96,"travelersbackpack:standard":3,"minecraft:bucket":53,"quark:oak_chest":2,"minecraft:yellow_bed":5,"minecraft:diamond_leggings":1,"minecraft:candle":3},"minecraft:crafted":{"minecraft:oak_planks":180,"minecraft:oak_sign":3,"travelersbackpack:crafting_upgrade":1,"minecraft:dark_oak_boat":1,"travelersbackpack:enderman":1,"grapplemod:throwupgradeitem":1,"minecraft:glass":36,"minecraft:bow":1,"minecraft:diamond_helmet":1,"minecraft:diamond_leggings":1,"minecraft:iron_boots":3,"iceandfire:armor_gray_helmet":1,"justhammers:diamond_hammer":1,"iceandfire:ghost_chest":4,"minecraft:chest":2,"minecraft:oak_button":1,"minecraft:iron_door":3,"minecraft:stone_hoe":1,"minecraft:oak_fence":3,"iceandfire:armor_gray_boots":1,"travelersbackpack:iron_tier_upgrade":1,"minecraft:crafting_table":5,"iceandfire:blindfold":1,"minecraft:spruce_planks":56,"grapplemod:block_grapple_modifier":1,"minecraft:wooden_pickaxe":2,"travelersbackpack:standard":5,"minecraft:iron_helmet":1,"minecraft:smithing_table":2,"grapplemod:ropeupgradeitem":1,"supplementaries:sign_post_oak":4,"minecraft:pumpkin_seeds":80,"iceandfire:armor_gray_chestplate":1,"minecraft:iron_chestplate":2,"grapplemod:motorupgradeitem":1,"minecraft:shield":4,"minecraft:stick":100,"quark:oak_chest":6,"minecraft:iron_ingot":61,"minecraft:iron_pickaxe":4,"minecraft:iron_block":32,"minecraft:gold_ingot":31,"minecraft:gray_carpet":3,"minecraft:shears":1,"artifacts:eternal_steak":1,"iceandfire:armor_gray_leggings":1,"minecraft:furnace":3,"minecraft:piston":1,"travelersbackpack:blank_upgrade":4,"minecraft:flint_and_steel":1,"quark:dark_oak_chest":1,"minecraft:diamond":2,"travelersbackpack:white_sleeping_bag":2,"grapplemod:grapplinghook":1,"minecraft:stone_pickaxe":2,"minecraft:diamond_boots":1,"minecraft:dark_oak_planks":144,"minecraft:wheat":54,"minecraft:coal_block":10,"grapplemod:baseupgradeitem":7,"travelersbackpack:backpack_tank":6,"minecraft:iron_sword":3,"minecraft:bucket":1,"minecraft:bone":6,"minecraft:stone_axe":1,"minecraft:bread":18,"minecraft:air":0,"justhammers:iron_hammer":1,"iceandfire:stymphalian_bird_dagger":1,"minecraft:iron_shovel":1,"minecraft:iron_leggings":1,"born_in_chaos_v1:infernal_evil_pumpkin":1,"minecraft:anvil":1,"minecraft:torch":260,"minecraft:diamond_chestplate":1},"minecraft:dropped":{"quark:green_corundum_cluster":1,"minecraft:candle":2,"minecraft:porkchop":1,"iceandfire:ectoplasm":9,"minecraft:rail":1,"minecraft:item_frame":1,"minecraft:dirt":21,"minecraft:grass":1,"mowziesmobs:umvuthana_mask_bliss":4,"minecraft:crimson_roots":1,"minecraft:chain":2,"minecraft:gold_nugget":12,"minecraft:amethyst_shard":4,"minecraft:dark_oak_planks":64,"minecraft:white_wool":2,"minecraft:bone":1,"minecraft:oak_door":2,"minecraft:cobbled_deepslate":568,"minecraft:wheat":28,"minecraft:rotten_flesh":25,"minecraft:oak_planks":23,"minecraft:glowstone_dust":38,"justhammers:iron_hammer":1,"minecraft:chiseled_stone_bricks":2,"minecraft:leather_chestplate":2,"supplementaries:ash":2,"born_in_chaos_v1:corpse_maggot":4,"minecraft:iron_ore":284,"minecraft:arrow":4,"minecraft:beef":49,"born_in_chaos_v1:marigolds":2,"domesticationinnovation:collar_tag":1,"minecraft:netherrack":30,"justhammers:diamond_hammer":1,"minecraft:bread":1,"minecraft:wheat_seeds":27,"minecraft:diamond_leggings":1,"minecraft:iron_helmet":1,"minecraft:feather":6,"minecraft:cobblestone":274,"minecraft:lead":3,"minecraft:amethyst_block":6,"minecraft:apple":14,"minecraft:copper_ingot":5,"minecraft:tropical_fish":2,"mowziesmobs:wrought_axe":1,"minecraft:stick":2,"minecraft:gray_wool":2,"born_in_chaos_v1:black_argillite":3,"minecraft:diorite":13,"iceandfire:copper_nugget":6,"minecraft:torch":3,"minecraft:iron_door":3,"minecraft:oak_stairs":2,"supplementaries:sign_post_oak":3,"minecraft:string":10,"minecraft:lily_pad":1,"minecraft:bucket":2,"minecraft:redstone":14,"iceandfire:dragonbone":7,"minecraft:nether_brick_slab":2,"minecraft:moss_carpet":1,"minecraft:coarse_dirt":2,"minecraft:smooth_stone_slab":3,"minecraft:tuff":9,"minecraft:iron_boots":1,"minecraft:pumpkin_seeds":47,"minecraft:stone":1,"minecraft:spruce_planks":5,"minecraft:iron_chestplate":3,"minecraft:andesite":20,"minecraft:mossy_stone_bricks":3,"minecraft:spider_eye":2,"minecraft:stone_bricks":2,"minecraft:stone_pickaxe":1,"minecraft:wooden_pickaxe":1,"minecraft:calcite":7}},"DataVersion":3465}