{"stats":{"minecraft:custom":{"minecraft:time_since_rest":4336,"minecraft:crouch_one_cm":324,"minecraft:play_time":4336,"minecraft:sprint_one_cm":7230,"minecraft:damage_taken":20,"minecraft:walk_one_cm":5069,"minecraft:sneak_time":82,"minecraft:jump":50,"minecraft:time_since_death":4336,"minecraft:total_world_time":4336,"minecraft:interact_with_crafting_table":3,"minecraft:fall_one_cm":1171,"minecraft:fly_one_cm":9155},"minecraft:used":{"minecraft:stone_axe":17,"minecraft:crafting_table":1,"minecraft:wooden_pickaxe":3},"minecraft:mined":{"minecraft:grass":1,"minecraft:stone":3,"treechop:chopped_log":2},"minecraft:crafted":{"minecraft:oak_planks":24,"minecraft:stone_axe":1,"minecraft:crafting_table":1,"minecraft:stick":8,"minecraft:wooden_pickaxe":1},"minecraft:picked_up":{"minecraft:dark_oak_sapling":5,"minecraft:stick":6,"minecraft:apple":1,"minecraft:oak_log":6,"minecraft:oak_sapling":1,"minecraft:dark_oak_log":36,"minecraft:cobblestone":3}},"DataVersion":3465}