{"stats":{"minecraft:custom":{"minecraft:interact_with_smithing_table":1,"minecraft:mob_kills":101,"minecraft:interact_with_crafting_table":41,"minecraft:open_barrel":77,"minecraft:damage_dealt_resisted":320,"minecraft:leave_game":3,"minecraft:time_since_death":9736,"minecraft:climb_one_cm":3266,"minecraft:sprint_one_cm":478051,"minecraft:walk_one_cm":499699,"minecraft:damage_blocked_by_shield":1650,"minecraft:drop":130,"minecraft:play_time":180237,"minecraft:sneak_time":18747,"minecraft:deaths":18,"minecraft:walk_under_water_one_cm":28854,"minecraft:jump":3282,"minecraft:walk_on_water_one_cm":54815,"minecraft:total_world_time":180237,"minecraft:interact_with_furnace":41,"minecraft:tune_noteblock":12,"minecraft:sleep_in_bed":7,"minecraft:time_since_rest":9776,"minecraft:waystone_activated":1,"minecraft:damage_taken":9534,"minecraft:damage_absorbed":78,"minecraft:damage_dealt":18581,"minecraft:swim_one_cm":98022,"minecraft:fly_one_cm":640447,"minecraft:open_chest":23,"minecraft:crouch_one_cm":49540,"minecraft:interact_with_smoker":1,"minecraft:fall_one_cm":73655},"minecraft:used":{"minecraft:shield":16,"minecraft:iron_sword":298,"minecraft:cooked_chicken":1,"minecraft:netherrack":11,"simpletomb:grave_key":30,"minecraft:torch":256,"minecraft:dirt":8,"minecraft:diamond_helmet":2,"minecraft:granite":6,"mowziesmobs:wrought_helmet":1,"minecraft:dark_oak_planks":62,"minecraft:lava_bucket":11,"minecraft:iron_helmet":1,"minecraft:iron_boots":1,"minecraft:smooth_basalt":2,"minecraft:diamond_chestplate":1,"minecraft:oak_sapling":1,"minecraft:furnace":6,"minecraft:gray_bed":8,"minecraft:cobbled_deepslate":151,"minecraft:water_bucket":18,"minecraft:mossy_stone_bricks":1,"minecraft:iron_ore":2,"minecraft:diamond_boots":1,"minecraft:stone_pickaxe":175,"minecraft:baked_potato":1,"minecraft:wooden_pickaxe":9,"artifacts:eternal_steak":40,"minecraft:cracked_stone_bricks":1,"minecraft:golden_apple":2,"minecraft:rail":1,"justhammers:diamond_hammer":423,"minecraft:crafting_table":15,"mowziesmobs:wrought_axe":35,"justhammers:iron_hammer":83,"minecraft:apple":1,"minecraft:bread":8,"minecraft:iron_pickaxe":1104,"minecraft:stone_axe":79,"minecraft:cobblestone":68,"minecraft:smithing_table":1,"minecraft:bucket":30,"minecraft:yellow_bed":3,"minecraft:coarse_dirt":3,"minecraft:diamond_leggings":1},"minecraft:dropped":{"justhammers:diamond_hammer":1,"quark:green_corundum_cluster":1,"minecraft:wheat_seeds":2,"minecraft:lead":3,"minecraft:iron_helmet":1,"minecraft:cobblestone":270,"minecraft:amethyst_block":6,"iceandfire:ectoplasm":1,"minecraft:rail":1,"minecraft:stick":2,"minecraft:dirt":6,"born_in_chaos_v1:black_argillite":3,"minecraft:diorite":13,"minecraft:torch":3,"minecraft:crimson_roots":1,"minecraft:amethyst_shard":4,"minecraft:string":8,"minecraft:dark_oak_planks":64,"minecraft:bucket":2,"minecraft:redstone":14,"minecraft:coarse_dirt":2,"minecraft:cobbled_deepslate":568,"minecraft:tuff":9,"minecraft:rotten_flesh":2,"minecraft:iron_boots":1,"justhammers:iron_hammer":1,"minecraft:iron_chestplate":1,"minecraft:andesite":20,"born_in_chaos_v1:corpse_maggot":2,"minecraft:mossy_stone_bricks":3,"minecraft:spider_eye":2,"minecraft:iron_ore":62,"minecraft:beef":19,"minecraft:wooden_pickaxe":1,"minecraft:stone_pickaxe":1,"minecraft:calcite":5},"minecraft:mined":{"minecraft:dark_oak_planks":3,"minecraft:tuff":26,"iceandfire:silver_ore":2,"minecraft:deepslate_diamond_ore":5,"minecraft:granite":43,"minecraft:grass_block":6,"born_in_chaos_v1:dark_metal_deposit":1,"quark:green_corundum_cluster":1,"born_in_chaos_v1:black_argillite":3,"born_in_chaos_v1:gnawed_bones":1,"minecraft:oxeye_daisy":1,"minecraft:spawner":18,"minecraft:hay_block":6,"minecraft:glowstone":13,"minecraft:furnace":5,"minecraft:iron_ore":46,"minecraft:cobbled_deepslate":10,"minecraft:fire":1,"minecraft:andesite":50,"treechop:chopped_log":4,"minecraft:deepslate_iron_ore":3,"minecraft:vine":2,"minecraft:rail":1,"minecraft:stone":691,"minecraft:crimson_nylium":1,"minecraft:amethyst_cluster":1,"born_in_chaos_v1:infected_deepslate_diamond_ore":10,"minecraft:crafting_table":11,"minecraft:torch":3,"minecraft:calcite":5,"minecraft:copper_ore":1,"minecraft:nether_quartz_ore":14,"minecraft:tall_grass":5,"minecraft:cobblestone":29,"minecraft:oak_planks":7,"minecraft:diorite":55,"minecraft:amethyst_block":6,"supplementaries:urn":3,"minecraft:coarse_dirt":3,"minecraft:powered_rail":1,"minecraft:gray_bed":8,"minecraft:yellow_bed":3,"minecraft:grass":11,"minecraft:coal_ore":46,"minecraft:sand":24,"minecraft:gravel":2,"minecraft:dirt":18,"minecraft:cobweb":8,"minecraft:smooth_basalt":2,"minecraft:cracked_stone_bricks":9,"minecraft:oak_leaves":3,"minecraft:stone_bricks":8,"minecraft:netherrack":41,"minecraft:mossy_stone_bricks":4,"minecraft:deepslate":128},"minecraft:crafted":{"artifacts:eternal_steak":1,"minecraft:oak_planks":24,"minecraft:furnace":1,"quark:dark_oak_chest":1,"minecraft:glass":12,"minecraft:diamond":2,"travelersbackpack:white_sleeping_bag":1,"minecraft:diamond_helmet":1,"minecraft:diamond_leggings":1,"minecraft:iron_boots":1,"minecraft:stone_pickaxe":2,"justhammers:diamond_hammer":1,"minecraft:diamond_boots":1,"minecraft:dark_oak_planks":144,"minecraft:wheat":54,"minecraft:coal_block":10,"minecraft:crafting_table":4,"travelersbackpack:standard":3,"travelersbackpack:backpack_tank":2,"minecraft:wooden_pickaxe":2,"minecraft:iron_helmet":1,"minecraft:iron_sword":3,"minecraft:smithing_table":1,"minecraft:bucket":1,"minecraft:bone":6,"minecraft:stone_axe":1,"minecraft:bread":18,"minecraft:air":0,"justhammers:iron_hammer":1,"minecraft:iron_chestplate":1,"minecraft:shield":3,"minecraft:stick":80,"minecraft:iron_ingot":43,"minecraft:iron_pickaxe":4,"minecraft:iron_block":28,"minecraft:gold_ingot":1,"minecraft:torch":220,"minecraft:shears":1,"minecraft:diamond_chestplate":1},"minecraft:broken":{"minecraft:shield":2,"minecraft:iron_sword":1,"minecraft:iron_pickaxe":3},"minecraft:killed":{"minecraft:cave_spider":2,"minecraft:spider":4,"born_in_chaos_v1:siamese_skeletonsright":1,"born_in_chaos_v1:zombie_bruiser":2,"born_in_chaos_v1:maggot":3,"minecraft:skeleton":19,"mowziesmobs:ferrous_wroughtnaut":1,"born_in_chaos_v1:corpse_fish":1,"minecraft:drowned":1,"born_in_chaos_v1:diamond_termite":17,"minecraft:iron_golem":1,"minecraft:bat":1,"minecraft:wandering_trader":1,"iceandfire:cockatrice":1,"minecraft:creeper":2,"minecraft:trader_llama":2,"born_in_chaos_v1:bloody_gadfly":2,"minecraft:zombie":20,"iceandfire:ghost":1,"alexsmobs:fly":1,"born_in_chaos_v1:siamese_skeletonsleft":1,"minecraft:cow":14},"minecraft:picked_up":{"minecraft:crafting_table":11,"born_in_chaos_v1:diamond_termite_shard":18,"minecraft:coarse_dirt":5,"minecraft:lead":5,"minecraft:wooden_pickaxe":1,"minecraft:amethyst_block":6,"born_in_chaos_v1:black_argillite":3,"minecraft:string":10,"minecraft:cracked_stone_bricks":1,"minecraft:cobbled_deepslate":826,"minecraft:bucket":2,"minecraft:beef":42,"born_in_chaos_v1:gnawed_bones":1,"minecraft:calcite":5,"minecraft:enchanted_golden_apple":1,"minecraft:furnace":6,"minecraft:dark_oak_sapling":8,"minecraft:stick":7,"minecraft:raw_iron":57,"quark:green_corundum_cluster":1,"minecraft:torch":5,"travelersbackpack:iron_tier_upgrade":1,"minecraft:diorite":27,"born_in_chaos_v1:pieceofdarkmetal":5,"minecraft:redstone":14,"minecraft:dark_oak_planks":193,"artifacts:everlasting_beef":1,"quark:ancient_tome":1,"minecraft:rotten_flesh":5,"minecraft:arrow":4,"minecraft:hay_block":6,"minecraft:saddle":1,"minecraft:white_wool":3,"minecraft:rail":3,"minecraft:cobblestone":602,"born_in_chaos_v1:corpse_maggot":2,"minecraft:feather":3,"artifacts:eternal_steak":1,"minecraft:andesite":27,"minecraft:leather":17,"minecraft:flint":1,"minecraft:tuff":9,"minecraft:oak_log":13,"iceandfire:ectoplasm":1,"minecraft:yellow_bed":3,"minecraft:gunpowder":1,"mowziesmobs:wrought_axe":1,"minecraft:dirt":14,"minecraft:name_tag":2,"minecraft:bone":5,"minecraft:apple":1,"minecraft:wheat_seeds":2,"minecraft:raw_gold":46,"minecraft:iron_ingot":5,"minecraft:cooked_chicken":2,"minecraft:iron_ore":31,"minecraft:mossy_stone_bricks":4,"minecraft:glowstone_dust":76,"minecraft:gray_bed":8,"minecraft:iron_sword":1,"minecraft:oak_planks":7,"minecraft:smooth_basalt":2,"minecraft:quartz":28,"minecraft:gravel":1,"minecraft:sand":24,"minecraft:amethyst_shard":4,"mowziesmobs:wrought_helmet":1,"alexsmobs:animal_dictionary":1,"minecraft:dark_oak_log":36,"minecraft:spider_eye":3,"minecraft:diamond":20,"minecraft:stone_axe":1,"minecraft:granite":37,"alexsmobs:maggot":2,"minecraft:golden_apple":3,"born_in_chaos_v1:rotten_fish":1,"minecraft:bread":12,"minecraft:oak_sapling":4,"minecraft:netherrack":41,"minecraft:coal":138,"minecraft:crimson_roots":1},"minecraft:killed_by":{"minecraft:cave_spider":1}},"DataVersion":3465}