{"stats":{"minecraft:custom":{"minecraft:mob_kills":44,"minecraft:interact_with_crafting_table":19,"minecraft:open_barrel":11,"minecraft:leave_game":1,"minecraft:time_since_death":26256,"minecraft:climb_one_cm":1654,"minecraft:sprint_one_cm":187860,"minecraft:walk_one_cm":197724,"minecraft:damage_blocked_by_shield":495,"minecraft:drop":28,"minecraft:play_time":75455,"minecraft:deaths":7,"minecraft:sneak_time":9999,"minecraft:walk_under_water_one_cm":8742,"minecraft:jump":1335,"minecraft:walk_on_water_one_cm":9458,"minecraft:total_world_time":75455,"minecraft:interact_with_furnace":26,"minecraft:sleep_in_bed":1,"minecraft:time_since_rest":26288,"minecraft:waystone_activated":1,"minecraft:damage_taken":3182,"minecraft:damage_dealt":8141,"minecraft:swim_one_cm":11809,"minecraft:fly_one_cm":306036,"minecraft:open_chest":13,"minecraft:crouch_one_cm":27190,"minecraft:interact_with_smoker":1,"minecraft:fall_one_cm":44094},"minecraft:used":{"minecraft:shield":12,"minecraft:iron_sword":106,"minecraft:netherrack":2,"simpletomb:grave_key":8,"minecraft:torch":84,"minecraft:dark_oak_planks":60,"minecraft:lava_bucket":11,"minecraft:iron_helmet":1,"minecraft:iron_boots":1,"minecraft:smooth_basalt":2,"minecraft:oak_sapling":1,"minecraft:furnace":5,"minecraft:water_bucket":18,"minecraft:stone_pickaxe":126,"minecraft:wooden_pickaxe":6,"artifacts:eternal_steak":9,"minecraft:rail":1,"minecraft:crafting_table":8,"justhammers:diamond_hammer":289,"justhammers:iron_hammer":83,"minecraft:apple":1,"minecraft:bread":8,"minecraft:iron_pickaxe":371,"minecraft:stone_axe":79,"minecraft:cobblestone":6,"minecraft:bucket":30,"minecraft:yellow_bed":2,"minecraft:diamond_leggings":1},"minecraft:dropped":{"minecraft:wheat_seeds":1,"minecraft:cobblestone":128,"minecraft:amethyst_block":6,"iceandfire:ectoplasm":1,"minecraft:rail":1,"minecraft:dirt":2,"minecraft:torch":2,"minecraft:crimson_roots":1,"minecraft:amethyst_shard":4,"minecraft:string":8,"minecraft:dark_oak_planks":64,"minecraft:redstone":14,"minecraft:cobbled_deepslate":302,"minecraft:tuff":7,"justhammers:iron_hammer":1,"minecraft:andesite":3,"minecraft:mossy_stone_bricks":3,"minecraft:calcite":5},"minecraft:mined":{"minecraft:dark_oak_planks":3,"minecraft:tuff":24,"minecraft:deepslate_diamond_ore":3,"born_in_chaos_v1:gnawed_bones":1,"minecraft:spawner":2,"minecraft:hay_block":6,"minecraft:glowstone":13,"minecraft:furnace":5,"minecraft:iron_ore":26,"minecraft:fire":1,"minecraft:andesite":3,"treechop:chopped_log":2,"minecraft:deepslate_iron_ore":3,"minecraft:rail":1,"minecraft:stone":242,"minecraft:crimson_nylium":1,"minecraft:amethyst_cluster":1,"minecraft:crafting_table":8,"born_in_chaos_v1:infected_deepslate_diamond_ore":8,"minecraft:calcite":5,"minecraft:nether_quartz_ore":14,"minecraft:tall_grass":5,"minecraft:cobblestone":9,"minecraft:amethyst_block":6,"supplementaries:urn":3,"minecraft:yellow_bed":2,"minecraft:grass":6,"minecraft:coal_ore":46,"minecraft:dirt":2,"minecraft:cobweb":8,"minecraft:smooth_basalt":2,"minecraft:netherrack":41,"minecraft:mossy_stone_bricks":3,"minecraft:deepslate":41},"minecraft:crafted":{"artifacts:eternal_steak":1,"minecraft:oak_planks":24,"minecraft:furnace":1,"minecraft:diamond_leggings":1,"minecraft:iron_boots":1,"minecraft:stone_pickaxe":1,"justhammers:diamond_hammer":1,"minecraft:dark_oak_planks":144,"minecraft:wheat":54,"minecraft:crafting_table":1,"minecraft:iron_helmet":1,"minecraft:wooden_pickaxe":1,"minecraft:iron_sword":1,"minecraft:bucket":1,"minecraft:bone":6,"minecraft:stone_axe":1,"minecraft:bread":18,"minecraft:air":0,"justhammers:iron_hammer":1,"minecraft:iron_chestplate":1,"minecraft:shield":1,"minecraft:stick":36,"minecraft:iron_ingot":28,"minecraft:iron_pickaxe":2,"minecraft:torch":68},"minecraft:broken":{"minecraft:iron_pickaxe":1},"minecraft:killed":{"minecraft:cave_spider":2,"born_in_chaos_v1:zombie_bruiser":1,"minecraft:skeleton":1,"minecraft:drowned":1,"born_in_chaos_v1:diamond_termite":14,"minecraft:iron_golem":1,"minecraft:wandering_trader":1,"minecraft:creeper":2,"minecraft:trader_llama":2,"minecraft:zombie":7,"iceandfire:ghost":1,"minecraft:cow":11},"minecraft:picked_up":{"minecraft:crafting_table":8,"born_in_chaos_v1:diamond_termite_shard":14,"minecraft:lead":2,"minecraft:amethyst_block":6,"minecraft:string":8,"minecraft:cobbled_deepslate":369,"minecraft:beef":19,"born_in_chaos_v1:gnawed_bones":1,"minecraft:calcite":5,"minecraft:furnace":5,"minecraft:dark_oak_sapling":8,"minecraft:raw_iron":31,"minecraft:stick":6,"minecraft:torch":1,"born_in_chaos_v1:pieceofdarkmetal":2,"minecraft:redstone":14,"minecraft:dark_oak_planks":83,"artifacts:everlasting_beef":1,"minecraft:rotten_flesh":3,"minecraft:hay_block":6,"minecraft:cobblestone":238,"minecraft:rail":3,"minecraft:andesite":3,"minecraft:leather":12,"minecraft:tuff":7,"minecraft:oak_log":6,"iceandfire:ectoplasm":1,"minecraft:yellow_bed":2,"minecraft:gunpowder":1,"minecraft:dirt":2,"minecraft:bone":3,"minecraft:apple":1,"minecraft:wheat_seeds":1,"minecraft:raw_gold":15,"minecraft:iron_ingot":5,"minecraft:mossy_stone_bricks":3,"minecraft:glowstone_dust":38,"minecraft:smooth_basalt":2,"minecraft:quartz":14,"minecraft:amethyst_shard":4,"minecraft:dark_oak_log":36,"minecraft:spider_eye":1,"minecraft:diamond":14,"minecraft:oak_sapling":1,"minecraft:netherrack":40,"minecraft:coal":138,"minecraft:crimson_roots":1},"minecraft:killed_by":{"minecraft:cave_spider":1}},"DataVersion":3465}