{"stats":{"minecraft:custom":{"minecraft:time_since_rest":1642,"minecraft:interact_with_furnace":2,"minecraft:sprint_one_cm":56833,"minecraft:damage_taken":755,"minecraft:walk_one_cm":43698,"minecraft:damage_blocked_by_shield":150,"minecraft:mob_kills":9,"minecraft:damage_dealt":1605,"minecraft:interact_with_crafting_table":7,"minecraft:fly_one_cm":79811,"minecraft:open_chest":1,"minecraft:crouch_one_cm":1084,"minecraft:play_time":16336,"minecraft:deaths":2,"minecraft:sneak_time":332,"minecraft:jump":390,"minecraft:time_since_death":1596,"minecraft:sleep_in_bed":1,"minecraft:total_world_time":16336,"minecraft:fall_one_cm":10138},"minecraft:used":{"minecraft:dark_oak_planks":11,"minecraft:stone_pickaxe":19,"minecraft:shield":5,"minecraft:wooden_pickaxe":6,"simpletomb:grave_key":2,"minecraft:stone_axe":44,"minecraft:crafting_table":3,"minecraft:furnace":1},"minecraft:mined":{"minecraft:furnace":1,"minecraft:iron_ore":2,"treechop:chopped_log":2,"minecraft:crafting_table":3,"minecraft:grass":3,"minecraft:stone":22},"minecraft:crafted":{"minecraft:oak_planks":24,"minecraft:shield":1,"minecraft:crafting_table":1,"minecraft:stick":8,"minecraft:wooden_pickaxe":1,"minecraft:iron_ingot":2,"minecraft:stone_pickaxe":1,"minecraft:furnace":1,"minecraft:dark_oak_planks":144,"minecraft:stone_axe":1,"minecraft:air":0},"minecraft:killed":{"minecraft:trader_llama":2,"minecraft:zombie":3,"iceandfire:ghost":1,"minecraft:wandering_trader":1,"minecraft:creeper":2},"minecraft:picked_up":{"minecraft:dark_oak_sapling":8,"minecraft:stick":6,"minecraft:crafting_table":3,"minecraft:raw_iron":2,"minecraft:leather":4,"minecraft:lead":2,"minecraft:oak_log":6,"iceandfire:ectoplasm":1,"minecraft:gunpowder":1,"minecraft:dark_oak_log":36,"minecraft:dark_oak_planks":14,"minecraft:rotten_flesh":3,"minecraft:apple":1,"minecraft:oak_sapling":1,"minecraft:cobblestone":22,"minecraft:furnace":1}},"DataVersion":3465}