{"stats":{"minecraft:custom":{"minecraft:mob_kills":83,"minecraft:interact_with_crafting_table":34,"minecraft:open_barrel":71,"minecraft:damage_dealt_resisted":320,"minecraft:leave_game":2,"minecraft:time_since_death":40525,"minecraft:climb_one_cm":2730,"minecraft:sprint_one_cm":350803,"minecraft:walk_one_cm":322147,"minecraft:damage_blocked_by_shield":495,"minecraft:drop":50,"minecraft:play_time":129050,"minecraft:deaths":9,"minecraft:sneak_time":15702,"minecraft:walk_under_water_one_cm":22178,"minecraft:jump":2303,"minecraft:walk_on_water_one_cm":34870,"minecraft:total_world_time":129050,"minecraft:interact_with_furnace":32,"minecraft:tune_noteblock":12,"minecraft:sleep_in_bed":3,"minecraft:time_since_rest":40575,"minecraft:waystone_activated":1,"minecraft:damage_taken":4998,"minecraft:damage_absorbed":78,"minecraft:damage_dealt":15245,"minecraft:swim_one_cm":60199,"minecraft:fly_one_cm":469850,"minecraft:open_chest":23,"minecraft:crouch_one_cm":39202,"minecraft:interact_with_smoker":1,"minecraft:fall_one_cm":60645},"minecraft:used":{"minecraft:shield":12,"minecraft:iron_sword":269,"minecraft:netherrack":5,"simpletomb:grave_key":12,"minecraft:torch":251,"minecraft:diamond_helmet":1,"minecraft:granite":6,"minecraft:dark_oak_planks":60,"minecraft:lava_bucket":11,"minecraft:iron_helmet":1,"minecraft:iron_boots":1,"minecraft:smooth_basalt":2,"minecraft:diamond_chestplate":1,"minecraft:oak_sapling":1,"minecraft:furnace":5,"minecraft:gray_bed":3,"minecraft:cobbled_deepslate":76,"minecraft:water_bucket":18,"minecraft:mossy_stone_bricks":1,"minecraft:diamond_boots":1,"minecraft:stone_pickaxe":175,"minecraft:wooden_pickaxe":9,"artifacts:eternal_steak":24,"minecraft:cracked_stone_bricks":1,"minecraft:golden_apple":2,"minecraft:rail":1,"justhammers:diamond_hammer":423,"minecraft:crafting_table":12,"justhammers:iron_hammer":83,"minecraft:apple":1,"minecraft:bread":8,"minecraft:iron_pickaxe":779,"minecraft:stone_axe":79,"minecraft:cobblestone":48,"minecraft:bucket":30,"minecraft:yellow_bed":3,"minecraft:diamond_leggings":1},"minecraft:dropped":{"justhammers:diamond_hammer":1,"quark:green_corundum_cluster":1,"minecraft:wheat_seeds":1,"minecraft:iron_helmet":1,"minecraft:cobblestone":128,"minecraft:amethyst_block":6,"iceandfire:ectoplasm":1,"minecraft:rail":1,"minecraft:dirt":2,"born_in_chaos_v1:black_argillite":3,"minecraft:torch":3,"minecraft:crimson_roots":1,"minecraft:amethyst_shard":4,"minecraft:dark_oak_planks":64,"minecraft:string":8,"minecraft:bucket":2,"minecraft:redstone":14,"minecraft:cobbled_deepslate":521,"minecraft:tuff":9,"minecraft:rotten_flesh":2,"minecraft:iron_boots":1,"justhammers:iron_hammer":1,"minecraft:iron_chestplate":1,"minecraft:andesite":3,"born_in_chaos_v1:corpse_maggot":1,"minecraft:mossy_stone_bricks":3,"minecraft:spider_eye":2,"minecraft:stone_pickaxe":1,"minecraft:wooden_pickaxe":1,"minecraft:calcite":5},"minecraft:mined":{"minecraft:dark_oak_planks":3,"minecraft:tuff":26,"minecraft:deepslate_diamond_ore":5,"minecraft:granite":38,"born_in_chaos_v1:dark_metal_deposit":1,"quark:green_corundum_cluster":1,"born_in_chaos_v1:black_argillite":3,"born_in_chaos_v1:gnawed_bones":1,"minecraft:spawner":18,"minecraft:hay_block":6,"minecraft:glowstone":13,"minecraft:furnace":5,"minecraft:iron_ore":39,"minecraft:cobbled_deepslate":3,"minecraft:fire":1,"minecraft:andesite":10,"treechop:chopped_log":2,"minecraft:deepslate_iron_ore":3,"minecraft:vine":2,"minecraft:rail":1,"minecraft:stone":465,"minecraft:crimson_nylium":1,"minecraft:amethyst_cluster":1,"minecraft:crafting_table":11,"born_in_chaos_v1:infected_deepslate_diamond_ore":10,"minecraft:torch":3,"minecraft:calcite":5,"minecraft:nether_quartz_ore":14,"minecraft:tall_grass":5,"minecraft:cobblestone":24,"minecraft:oak_planks":7,"minecraft:diorite":30,"minecraft:amethyst_block":6,"supplementaries:urn":3,"minecraft:powered_rail":1,"minecraft:gray_bed":3,"minecraft:yellow_bed":3,"minecraft:grass":6,"minecraft:coal_ore":46,"minecraft:gravel":2,"minecraft:dirt":3,"minecraft:cobweb":8,"minecraft:cracked_stone_bricks":9,"minecraft:smooth_basalt":2,"minecraft:stone_bricks":8,"minecraft:netherrack":41,"minecraft:mossy_stone_bricks":4,"minecraft:deepslate":128},"minecraft:crafted":{"artifacts:eternal_steak":1,"minecraft:oak_planks":24,"minecraft:furnace":1,"minecraft:diamond":2,"minecraft:diamond_helmet":1,"minecraft:diamond_leggings":1,"minecraft:iron_boots":1,"minecraft:stone_pickaxe":2,"justhammers:diamond_hammer":1,"minecraft:diamond_boots":1,"minecraft:dark_oak_planks":144,"minecraft:wheat":54,"minecraft:coal_block":10,"minecraft:crafting_table":1,"minecraft:iron_helmet":1,"minecraft:wooden_pickaxe":2,"minecraft:iron_sword":3,"minecraft:bucket":1,"minecraft:bone":6,"minecraft:stone_axe":1,"minecraft:bread":18,"minecraft:air":0,"justhammers:iron_hammer":1,"minecraft:iron_chestplate":1,"minecraft:shield":1,"minecraft:stick":76,"minecraft:iron_ingot":34,"minecraft:iron_pickaxe":3,"minecraft:iron_block":28,"minecraft:torch":220,"minecraft:diamond_chestplate":1},"minecraft:broken":{"minecraft:iron_sword":1,"minecraft:iron_pickaxe":2},"minecraft:killed":{"minecraft:cave_spider":2,"minecraft:spider":3,"born_in_chaos_v1:siamese_skeletonsright":1,"born_in_chaos_v1:zombie_bruiser":2,"born_in_chaos_v1:maggot":2,"minecraft:skeleton":18,"minecraft:drowned":1,"born_in_chaos_v1:diamond_termite":17,"minecraft:iron_golem":1,"minecraft:bat":1,"minecraft:wandering_trader":1,"minecraft:creeper":2,"minecraft:trader_llama":2,"minecraft:zombie":17,"iceandfire:ghost":1,"minecraft:cow":11,"born_in_chaos_v1:siamese_skeletonsleft":1},"minecraft:picked_up":{"born_in_chaos_v1:diamond_termite_shard":18,"minecraft:crafting_table":11,"minecraft:lead":2,"minecraft:wooden_pickaxe":1,"minecraft:amethyst_block":6,"born_in_chaos_v1:black_argillite":3,"minecraft:string":8,"minecraft:cracked_stone_bricks":1,"minecraft:cobbled_deepslate":819,"minecraft:bucket":2,"minecraft:beef":19,"born_in_chaos_v1:gnawed_bones":1,"minecraft:calcite":5,"minecraft:enchanted_golden_apple":1,"minecraft:furnace":5,"minecraft:dark_oak_sapling":8,"minecraft:stick":6,"minecraft:raw_iron":49,"quark:green_corundum_cluster":1,"minecraft:torch":5,"travelersbackpack:iron_tier_upgrade":1,"minecraft:diorite":15,"born_in_chaos_v1:pieceofdarkmetal":5,"minecraft:redstone":14,"minecraft:dark_oak_planks":143,"quark:ancient_tome":1,"artifacts:everlasting_beef":1,"minecraft:rotten_flesh":5,"minecraft:arrow":4,"minecraft:hay_block":6,"minecraft:saddle":1,"minecraft:cobblestone":488,"minecraft:rail":3,"born_in_chaos_v1:corpse_maggot":1,"artifacts:eternal_steak":1,"minecraft:andesite":10,"minecraft:leather":12,"minecraft:flint":1,"minecraft:tuff":9,"minecraft:oak_log":6,"iceandfire:ectoplasm":1,"minecraft:yellow_bed":3,"minecraft:gunpowder":1,"minecraft:dirt":2,"minecraft:name_tag":2,"minecraft:bone":5,"minecraft:apple":1,"minecraft:wheat_seeds":1,"minecraft:raw_gold":46,"minecraft:iron_ingot":5,"minecraft:mossy_stone_bricks":4,"minecraft:glowstone_dust":76,"minecraft:gray_bed":3,"minecraft:iron_sword":1,"minecraft:oak_planks":7,"minecraft:smooth_basalt":2,"minecraft:quartz":28,"minecraft:gravel":1,"minecraft:amethyst_shard":4,"minecraft:dark_oak_log":36,"minecraft:spider_eye":3,"minecraft:diamond":20,"minecraft:stone_axe":1,"minecraft:granite":37,"minecraft:golden_apple":3,"minecraft:bread":12,"minecraft:oak_sapling":1,"minecraft:netherrack":41,"minecraft:coal":138,"minecraft:crimson_roots":1},"minecraft:killed_by":{"minecraft:cave_spider":1}},"DataVersion":3465}