{"stats":{"minecraft:custom":{"minecraft:mob_kills":61,"minecraft:interact_with_crafting_table":22,"minecraft:open_barrel":11,"minecraft:damage_dealt_resisted":10,"minecraft:leave_game":1,"minecraft:time_since_death":3656,"minecraft:climb_one_cm":2086,"minecraft:sprint_one_cm":223627,"minecraft:walk_one_cm":233066,"minecraft:damage_blocked_by_shield":495,"minecraft:drop":36,"minecraft:play_time":87455,"minecraft:deaths":8,"minecraft:sneak_time":11339,"minecraft:walk_under_water_one_cm":15016,"minecraft:jump":1546,"minecraft:walk_on_water_one_cm":13777,"minecraft:total_world_time":87455,"minecraft:interact_with_furnace":31,"minecraft:sleep_in_bed":3,"minecraft:time_since_rest":867,"minecraft:waystone_activated":1,"minecraft:damage_taken":3617,"minecraft:damage_dealt":11134,"minecraft:swim_one_cm":18259,"minecraft:fly_one_cm":345599,"minecraft:open_chest":19,"minecraft:crouch_one_cm":29635,"minecraft:interact_with_smoker":1,"minecraft:fall_one_cm":48663},"minecraft:used":{"minecraft:shield":12,"minecraft:iron_sword":179,"minecraft:netherrack":2,"simpletomb:grave_key":8,"minecraft:torch":134,"minecraft:dark_oak_planks":60,"minecraft:lava_bucket":11,"minecraft:iron_helmet":1,"minecraft:iron_boots":1,"minecraft:smooth_basalt":2,"minecraft:oak_sapling":1,"minecraft:furnace":5,"minecraft:gray_bed":1,"minecraft:water_bucket":18,"minecraft:stone_pickaxe":138,"minecraft:wooden_pickaxe":9,"artifacts:eternal_steak":12,"minecraft:rail":1,"minecraft:crafting_table":9,"justhammers:diamond_hammer":295,"justhammers:iron_hammer":83,"minecraft:apple":1,"minecraft:bread":8,"minecraft:iron_pickaxe":390,"minecraft:stone_axe":79,"minecraft:cobblestone":21,"minecraft:bucket":30,"minecraft:yellow_bed":3,"minecraft:diamond_leggings":1},"minecraft:dropped":{"minecraft:wheat_seeds":1,"minecraft:cobblestone":128,"minecraft:amethyst_block":6,"iceandfire:ectoplasm":1,"minecraft:rail":1,"minecraft:dirt":2,"minecraft:torch":3,"minecraft:crimson_roots":1,"minecraft:amethyst_shard":4,"minecraft:string":8,"minecraft:dark_oak_planks":64,"minecraft:redstone":14,"minecraft:cobbled_deepslate":374,"minecraft:tuff":7,"minecraft:rotten_flesh":2,"justhammers:iron_hammer":1,"minecraft:andesite":3,"born_in_chaos_v1:corpse_maggot":1,"minecraft:mossy_stone_bricks":3,"minecraft:wooden_pickaxe":1,"minecraft:calcite":5},"minecraft:mined":{"minecraft:dark_oak_planks":3,"minecraft:tuff":24,"minecraft:deepslate_diamond_ore":3,"born_in_chaos_v1:gnawed_bones":1,"minecraft:spawner":2,"minecraft:hay_block":6,"minecraft:glowstone":13,"minecraft:furnace":5,"minecraft:cobbled_deepslate":3,"minecraft:iron_ore":32,"minecraft:fire":1,"minecraft:andesite":3,"treechop:chopped_log":2,"minecraft:vine":1,"minecraft:deepslate_iron_ore":3,"minecraft:rail":1,"minecraft:stone":251,"minecraft:crimson_nylium":1,"minecraft:amethyst_cluster":1,"minecraft:crafting_table":9,"born_in_chaos_v1:infected_deepslate_diamond_ore":10,"minecraft:torch":2,"minecraft:calcite":5,"minecraft:nether_quartz_ore":14,"minecraft:tall_grass":5,"minecraft:cobblestone":9,"minecraft:oak_planks":7,"minecraft:amethyst_block":6,"supplementaries:urn":3,"minecraft:gray_bed":1,"minecraft:yellow_bed":3,"minecraft:grass":6,"minecraft:coal_ore":46,"minecraft:dirt":2,"minecraft:cobweb":8,"minecraft:smooth_basalt":2,"minecraft:netherrack":41,"minecraft:mossy_stone_bricks":3,"minecraft:deepslate":56},"minecraft:crafted":{"artifacts:eternal_steak":1,"minecraft:oak_planks":24,"minecraft:furnace":1,"minecraft:diamond_leggings":1,"minecraft:iron_boots":1,"minecraft:stone_pickaxe":2,"justhammers:diamond_hammer":1,"minecraft:dark_oak_planks":144,"minecraft:wheat":54,"minecraft:crafting_table":1,"minecraft:iron_helmet":1,"minecraft:wooden_pickaxe":2,"minecraft:iron_sword":2,"minecraft:bucket":1,"minecraft:bone":6,"minecraft:stone_axe":1,"minecraft:bread":18,"minecraft:air":0,"justhammers:iron_hammer":1,"minecraft:iron_chestplate":1,"minecraft:shield":1,"minecraft:stick":56,"minecraft:iron_ingot":34,"minecraft:iron_pickaxe":2,"minecraft:torch":148},"minecraft:broken":{"minecraft:iron_pickaxe":1},"minecraft:killed":{"minecraft:cave_spider":2,"minecraft:spider":1,"born_in_chaos_v1:siamese_skeletonsright":1,"born_in_chaos_v1:zombie_bruiser":2,"born_in_chaos_v1:maggot":2,"minecraft:skeleton":4,"minecraft:drowned":1,"born_in_chaos_v1:diamond_termite":17,"minecraft:iron_golem":1,"minecraft:bat":1,"minecraft:wandering_trader":1,"minecraft:creeper":2,"minecraft:trader_llama":2,"minecraft:zombie":11,"iceandfire:ghost":1,"born_in_chaos_v1:siamese_skeletonsleft":1,"minecraft:cow":11},"minecraft:picked_up":{"minecraft:crafting_table":9,"born_in_chaos_v1:diamond_termite_shard":18,"minecraft:lead":2,"minecraft:amethyst_block":6,"minecraft:string":8,"minecraft:cobbled_deepslate":438,"minecraft:beef":19,"born_in_chaos_v1:gnawed_bones":1,"minecraft:calcite":5,"minecraft:furnace":5,"minecraft:dark_oak_sapling":8,"minecraft:raw_iron":40,"minecraft:stick":6,"minecraft:torch":4,"born_in_chaos_v1:pieceofdarkmetal":4,"minecraft:redstone":14,"minecraft:dark_oak_planks":83,"artifacts:everlasting_beef":1,"minecraft:arrow":4,"minecraft:rotten_flesh":5,"minecraft:hay_block":6,"minecraft:cobblestone":247,"minecraft:rail":3,"born_in_chaos_v1:corpse_maggot":1,"minecraft:andesite":3,"minecraft:leather":12,"minecraft:tuff":7,"minecraft:oak_log":6,"iceandfire:ectoplasm":1,"minecraft:yellow_bed":3,"minecraft:gunpowder":1,"minecraft:dirt":2,"minecraft:bone":5,"minecraft:apple":1,"minecraft:wheat_seeds":1,"minecraft:raw_gold":15,"minecraft:iron_ingot":5,"minecraft:mossy_stone_bricks":3,"minecraft:glowstone_dust":38,"minecraft:gray_bed":1,"minecraft:oak_planks":7,"minecraft:iron_sword":1,"minecraft:smooth_basalt":2,"minecraft:quartz":14,"minecraft:amethyst_shard":4,"minecraft:dark_oak_log":36,"minecraft:spider_eye":1,"minecraft:diamond":14,"minecraft:oak_sapling":1,"minecraft:netherrack":40,"minecraft:coal":138,"minecraft:crimson_roots":1},"minecraft:killed_by":{"minecraft:cave_spider":1}},"DataVersion":3465}