{"stats":{"minecraft:picked_up":{"minecraft:stick":1,"minecraft:crafting_table":2,"minecraft:acacia_log":11,"minecraft:oak_log":5,"minecraft:dirt":2,"minecraft:acacia_planks":1,"minecraft:wheat_seeds":11,"minecraft:oak_sapling":2,"minecraft:acacia_sapling":2,"minecraft:cobblestone":20},"minecraft:killed_by":{"minecraft:skeleton":1},"minecraft:mined":{"treechop:chopped_log":3,"minecraft:crafting_table":2,"minecraft:grass":86,"minecraft:grass_block":1,"minecraft:dirt":1,"minecraft:tall_grass":18,"minecraft:acacia_planks":1,"born_in_chaos_v1:infernal_evil_pumpkin_s":1,"minecraft:stone":20},"minecraft:custom":{"minecraft:time_since_rest":0,"minecraft:sprint_one_cm":35024,"minecraft:damage_taken":990,"minecraft:walk_one_cm":18315,"minecraft:drop":3,"minecraft:damage_dealt":157,"minecraft:interact_with_crafting_table":3,"minecraft:fly_one_cm":52841,"minecraft:open_chest":1,"minecraft:crouch_one_cm":2200,"minecraft:play_time":11628,"minecraft:deaths":4,"minecraft:sneak_time":544,"minecraft:walk_under_water_one_cm":250,"minecraft:jump":190,"minecraft:damage_dealt_resisted":3,"minecraft:leave_game":5,"minecraft:time_since_death":0,"minecraft:walk_on_water_one_cm":1487,"minecraft:total_world_time":11628,"minecraft:fall_one_cm":5608},"minecraft:used":{"minecraft:wooden_axe":6,"minecraft:wooden_pickaxe":20,"simpletomb:grave_key":46,"minecraft:stone_axe":2,"minecraft:crafting_table":2,"minecraft:acacia_planks":1},"minecraft:crafted":{"minecraft:oak_planks":20,"minecraft:crafting_table":1,"minecraft:stick":40,"minecraft:wooden_pickaxe":1,"minecraft:stone_pickaxe":2,"minecraft:wooden_axe":1,"minecraft:acacia_planks":44,"minecraft:stone_axe":2},"minecraft:dropped":{"minecraft:stone_axe":1,"minecraft:cobblestone":8,"minecraft:stone_pickaxe":1}},"DataVersion":3465}