{"stats":{"minecraft:custom":{"minecraft:interact_with_anvil":1,"minecraft:mob_kills":41,"minecraft:interact_with_crafting_table":34,"minecraft:open_barrel":2,"minecraft:interact_with_campfire":5,"minecraft:bell_ring":1,"minecraft:damage_dealt_resisted":20,"minecraft:leave_game":12,"minecraft:time_since_death":1701,"minecraft:climb_one_cm":2165,"minecraft:sprint_one_cm":341650,"minecraft:walk_one_cm":275077,"minecraft:drop":3,"minecraft:talked_to_villager":2,"minecraft:play_time":135669,"minecraft:deaths":15,"minecraft:sneak_time":597,"minecraft:walk_under_water_one_cm":10361,"minecraft:boat_one_cm":42914,"minecraft:jump":1751,"minecraft:interact_with_blast_furnace":1,"minecraft:walk_on_water_one_cm":21274,"minecraft:total_world_time":135669,"minecraft:interact_with_furnace":14,"minecraft:sleep_in_bed":3,"minecraft:time_since_rest":1728,"minecraft:waystone_activated":1,"minecraft:damage_taken":7085,"minecraft:trigger_trapped_chest":1,"minecraft:damage_dealt":5789,"minecraft:swim_one_cm":23530,"minecraft:fly_one_cm":328228,"minecraft:player_kills":1,"minecraft:open_chest":97,"minecraft:crouch_one_cm":810,"minecraft:fall_one_cm":51976},"minecraft:used":{"quark:birch_chest":1,"minecraft:stone_sword":8,"minecraft:stone_shovel":404,"simpletomb:grave_key":39,"minecraft:torch":17,"minecraft:dirt":1,"minecraft:anvil":1,"iceandfire:copper_sword":127,"born_in_chaos_v1:corpse_maggot":1,"minecraft:dark_oak_planks":4,"minecraft:iron_axe":6,"minecraft:furnace":2,"minecraft:cooked_beef":12,"minecraft:water_bucket":1,"minecraft:birch_planks":8,"minecraft:stone_pickaxe":255,"minecraft:wooden_pickaxe":16,"minecraft:crafting_table":2,"minecraft:mushroom_stew":8,"minecraft:white_bed":1,"minecraft:apple":3,"minecraft:dark_oak_log":1,"minecraft:bread":16,"minecraft:iron_pickaxe":3,"minecraft:stone_axe":148,"quark:dark_oak_chest":4,"minecraft:cobblestone":7,"travelersbackpack:standard":7,"minecraft:cooked_porkchop":3,"minecraft:andesite":1,"minecraft:bucket":2,"minecraft:yellow_bed":1},"minecraft:dropped":{"supplementaries:ash":3,"minecraft:skeleton_skull":1,"minecraft:charcoal":26},"minecraft:mined":{"minecraft:dark_oak_planks":1,"alexscaves:spelunkery_table":1,"minecraft:white_bed":1,"iceandfire:silver_ore":1,"minecraft:candle":1,"iceandfire:copper_pile":2,"minecraft:dark_oak_log":1,"minecraft:brewing_stand":1,"minecraft:granite":3,"minecraft:chiseled_bookshelf":1,"minecraft:grass_block":9,"minecraft:moss_block":2,"minecraft:red_mushroom":5,"minecraft:furnace":1,"minecraft:iron_ore":15,"minecraft:fire":1,"minecraft:andesite":7,"minecraft:pumpkin":8,"treechop:chopped_log":15,"minecraft:anvil":1,"minecraft:brown_bed":1,"minecraft:bookshelf":2,"iceandfire:gold_pile":3,"minecraft:vine":4,"minecraft:stone":172,"minecraft:flowering_azalea":1,"minecraft:brown_mushroom":4,"travelersbackpack:standard":5,"minecraft:clay":216,"minecraft:crafting_table":2,"minecraft:torch":5,"minecraft:blast_furnace":1,"minecraft:poppy":1,"iceandfire:ghost_chest":4,"minecraft:chest":1,"minecraft:campfire":2,"minecraft:sugar_cane":1,"minecraft:diorite":22,"minecraft:wall_torch":8,"minecraft:skeleton_skull":2,"minecraft:birch_planks":8,"minecraft:yellow_bed":1,"minecraft:grass":20,"quark:birch_chest":1,"minecraft:coal_ore":27,"iceandfire:silver_pile":3,"minecraft:sand":162,"minecraft:dirt":30,"minecraft:cracked_stone_bricks":2,"minecraft:stone_bricks":2,"minecraft:oak_leaves":3},"minecraft:crafted":{"minecraft:stone_shovel":5,"minecraft:furnace":2,"minecraft:mushroom_stew":10,"quark:dark_oak_chest":10,"minecraft:glass":36,"travelersbackpack:white_sleeping_bag":1,"minecraft:stone_pickaxe":4,"minecraft:dark_oak_planks":260,"minecraft:stone_hoe":1,"minecraft:crafting_table":2,"travelersbackpack:backpack_tank":2,"minecraft:wooden_pickaxe":1,"travelersbackpack:standard":1,"minecraft:bowl":4,"minecraft:bucket":1,"minecraft:birch_planks":40,"minecraft:stone_axe":2,"minecraft:air":0,"minecraft:charcoal":26,"minecraft:shield":1,"minecraft:stick":44,"minecraft:iron_ingot":15,"minecraft:iron_pickaxe":1,"minecraft:stone_sword":1,"minecraft:torch":8,"minecraft:shears":1},"minecraft:broken":{"minecraft:stone_pickaxe":1,"minecraft:stone_axe":1,"minecraft:stone_shovel":3},"minecraft:killed":{"alexsmobs:raccoon":3,"minecraft:spider":1,"born_in_chaos_v1:maggot":1,"minecraft:chicken":1,"alexsmobs:bison":1,"born_in_chaos_v1:firelight_not_despawn":3,"minecraft:pig":1,"minecraft:iron_golem":1,"minecraft:creeper":1,"minecraft:sheep":3,"born_in_chaos_v1:bloody_gadfly":1,"minecraft:zombie":3,"iceandfire:ghost":1,"minecraft:cow":14},"minecraft:picked_up":{"minecraft:charcoal":25,"minecraft:crafting_table":2,"iceandfire:copper_sword":2,"minecraft:chicken":1,"minecraft:anvil":1,"minecraft:clay_ball":869,"minecraft:brown_mushroom":27,"minecraft:brown_bed":1,"minecraft:enchanted_book":1,"minecraft:potion":2,"minecraft:brewing_stand":1,"iceandfire:manuscript":9,"minecraft:moss_carpet":6,"minecraft:raw_copper":4,"born_in_chaos_v1:intoxicating_decoction":1,"iceandfire:graveyard_soil":1,"minecraft:cracked_stone_bricks":2,"minecraft:candle":2,"minecraft:gold_nugget":50,"minecraft:beef":6,"minecraft:poppy":3,"minecraft:light_gray_wool":1,"minecraft:sugar_cane":3,"minecraft:chest":1,"minecraft:birch_sapling":6,"minecraft:iron_boots":1,"minecraft:furnace":1,"minecraft:dark_oak_sapling":20,"minecraft:stick":15,"minecraft:raw_iron":19,"iceandfire:ghost_chest":4,"minecraft:torch":13,"minecraft:porkchop":3,"quark:birch_chest":1,"minecraft:diorite":22,"minecraft:dark_oak_planks":1,"minecraft:rotten_flesh":39,"iceandfire:silver_ingot":5,"minecraft:arrow":1,"alexscaves:spelunkery_table":1,"minecraft:gold_ingot":1,"supplementaries:ash":9,"minecraft:mutton":3,"minecraft:skeleton_skull":7,"minecraft:white_wool":4,"minecraft:cobblestone":172,"minecraft:birch_log":10,"born_in_chaos_v1:corpse_maggot":4,"minecraft:magma_block":5,"minecraft:cooked_beef":33,"minecraft:andesite":7,"minecraft:leather":13,"minecraft:red_mushroom":114,"minecraft:birch_planks":8,"minecraft:flint":7,"born_in_chaos_v1:black_argillite_button":1,"iceandfire:ectoplasm":14,"minecraft:yellow_bed":1,"minecraft:gunpowder":10,"minecraft:dirt":57,"minecraft:cooked_mutton":4,"minecraft:bone":15,"minecraft:apple":3,"minecraft:stone_bricks":2,"minecraft:wheat_seeds":3,"minecraft:iron_ingot":5,"born_in_chaos_v1:chipped_black_argillite_brick":1,"minecraft:cobweb":12,"minecraft:book":6,"iceandfire:copper_nugget":14,"minecraft:cooked_porkchop":3,"minecraft:pumpkin":8,"minecraft:sand":160,"minecraft:blast_furnace":1,"minecraft:white_bed":1,"minecraft:dark_oak_log":152,"travelersbackpack:standard":5,"born_in_chaos_v1:fire_dust":13,"artifacts:crystal_heart":1,"minecraft:stone_axe":1,"minecraft:granite":3,"minecraft:gray_wool":1,"minecraft:bread":14,"minecraft:oak_sapling":2,"minecraft:coal":42,"iceandfire:silver_nugget":10,"iceandfire:raw_silver":1}},"DataVersion":3465}