{"stats":{"minecraft:picked_up":{"iceandfire:dragon_skull_lightning":1,"minecraft:wheat":27,"minecraft:stick":1,"minecraft:crafting_table":2,"iceandfire:copper_nugget":50,"iceandfire:dragonbone":24,"alexsmobs:acacia_blossom":3,"minecraft:acacia_log":11,"quark:blossom_log":43,"minecraft:oak_log":5,"minecraft:dirt":5,"minecraft:acacia_planks":1,"quark:orange_blossom_sapling":6,"minecraft:wheat_seeds":64,"minecraft:hay_block":14,"minecraft:oak_sapling":2,"minecraft:acacia_sapling":3,"minecraft:cobblestone":51},"minecraft:killed_by":{"minecraft:skeleton":1},"minecraft:mined":{"minecraft:hay_block":14,"iceandfire:copper_pile":6,"treechop:chopped_log":4,"minecraft:crafting_table":2,"minecraft:grass":108,"minecraft:grass_block":3,"minecraft:dirt":2,"minecraft:tall_grass":18,"minecraft:acacia_planks":1,"minecraft:stone":51,"born_in_chaos_v1:infernal_evil_pumpkin_s":1},"minecraft:custom":{"minecraft:time_since_rest":2474,"minecraft:sprint_one_cm":89793,"minecraft:damage_taken":1070,"minecraft:walk_one_cm":58681,"minecraft:drop":3,"minecraft:damage_dealt":157,"minecraft:interact_with_crafting_table":7,"minecraft:fly_one_cm":128397,"minecraft:open_chest":8,"minecraft:crouch_one_cm":2200,"minecraft:play_time":29778,"minecraft:deaths":4,"minecraft:sneak_time":545,"minecraft:walk_under_water_one_cm":250,"minecraft:damage_dealt_resisted":3,"minecraft:jump":469,"minecraft:leave_game":7,"minecraft:time_since_death":17895,"minecraft:walk_on_water_one_cm":1641,"minecraft:sleep_in_bed":2,"minecraft:total_world_time":29778,"minecraft:fall_one_cm":12562},"minecraft:used":{"minecraft:wooden_axe":6,"minecraft:bread":4,"minecraft:stone_pickaxe":38,"minecraft:wooden_pickaxe":20,"minecraft:stone_hoe":14,"simpletomb:grave_key":48,"minecraft:stone_axe":22,"minecraft:dirt":1,"minecraft:crafting_table":2,"minecraft:acacia_planks":1},"minecraft:crafted":{"minecraft:oak_planks":20,"minecraft:crafting_table":1,"minecraft:stick":40,"minecraft:wooden_pickaxe":1,"minecraft:stone_pickaxe":2,"minecraft:wooden_axe":1,"minecraft:acacia_planks":44,"minecraft:stone_hoe":1,"minecraft:stone_axe":2,"minecraft:bread":17,"minecraft:wheat":27},"minecraft:dropped":{"minecraft:stone_axe":1,"minecraft:cobblestone":8,"minecraft:stone_pickaxe":1}},"DataVersion":3465}