{"stats":{"minecraft:custom":{"minecraft:mob_kills":29,"minecraft:interact_with_crafting_table":33,"minecraft:interact_with_campfire":5,"minecraft:leave_game":12,"minecraft:time_since_death":0,"minecraft:sprint_one_cm":263871,"minecraft:walk_one_cm":219070,"minecraft:drop":3,"minecraft:talked_to_villager":2,"minecraft:play_time":114005,"minecraft:deaths":12,"minecraft:sneak_time":564,"minecraft:walk_under_water_one_cm":6812,"minecraft:boat_one_cm":42914,"minecraft:jump":1296,"minecraft:walk_on_water_one_cm":16923,"minecraft:total_world_time":114005,"minecraft:interact_with_furnace":11,"minecraft:sleep_in_bed":3,"minecraft:time_since_rest":198,"minecraft:waystone_activated":1,"minecraft:damage_taken":6031,"minecraft:trigger_trapped_chest":1,"minecraft:damage_dealt":4230,"minecraft:swim_one_cm":13855,"minecraft:fly_one_cm":234614,"minecraft:player_kills":1,"minecraft:open_chest":81,"minecraft:crouch_one_cm":810,"minecraft:fall_one_cm":38569},"minecraft:used":{"minecraft:stone_sword":8,"minecraft:stone_shovel":267,"simpletomb:grave_key":33,"minecraft:torch":7,"iceandfire:copper_sword":90,"born_in_chaos_v1:corpse_maggot":1,"minecraft:dark_oak_planks":4,"minecraft:furnace":2,"minecraft:cooked_beef":8,"minecraft:birch_planks":8,"minecraft:stone_pickaxe":223,"minecraft:wooden_pickaxe":16,"minecraft:crafting_table":2,"minecraft:mushroom_stew":8,"minecraft:white_bed":1,"minecraft:apple":3,"minecraft:dark_oak_log":1,"minecraft:bread":16,"minecraft:stone_axe":144,"quark:dark_oak_chest":4,"minecraft:cobblestone":6,"travelersbackpack:standard":2,"minecraft:cooked_porkchop":3,"minecraft:bucket":1,"minecraft:andesite":1,"minecraft:yellow_bed":1},"minecraft:dropped":{"supplementaries:ash":3,"minecraft:skeleton_skull":1,"minecraft:charcoal":26},"minecraft:mined":{"minecraft:dark_oak_planks":1,"minecraft:white_bed":1,"iceandfire:silver_ore":1,"iceandfire:copper_pile":2,"minecraft:dark_oak_log":1,"minecraft:brewing_stand":1,"minecraft:granite":3,"minecraft:grass_block":6,"minecraft:moss_block":2,"minecraft:red_mushroom":5,"minecraft:furnace":1,"minecraft:iron_ore":15,"minecraft:fire":1,"minecraft:andesite":7,"minecraft:pumpkin":8,"treechop:chopped_log":15,"iceandfire:gold_pile":3,"minecraft:vine":3,"minecraft:stone":147,"minecraft:flowering_azalea":1,"minecraft:brown_mushroom":4,"travelersbackpack:standard":1,"minecraft:clay":216,"minecraft:crafting_table":2,"minecraft:torch":2,"minecraft:poppy":1,"iceandfire:ghost_chest":2,"minecraft:chest":1,"minecraft:campfire":2,"minecraft:diorite":16,"minecraft:wall_torch":5,"minecraft:skeleton_skull":2,"minecraft:birch_planks":8,"minecraft:yellow_bed":1,"minecraft:grass":17,"minecraft:coal_ore":27,"iceandfire:silver_pile":3,"minecraft:sand":36,"minecraft:dirt":23,"minecraft:cracked_stone_bricks":1,"minecraft:stone_bricks":1,"minecraft:oak_leaves":3},"minecraft:crafted":{"minecraft:stone_shovel":3,"minecraft:furnace":2,"minecraft:mushroom_stew":10,"quark:dark_oak_chest":10,"minecraft:glass":12,"travelersbackpack:white_sleeping_bag":1,"minecraft:stone_pickaxe":4,"minecraft:dark_oak_planks":260,"minecraft:stone_hoe":1,"minecraft:crafting_table":2,"travelersbackpack:backpack_tank":2,"minecraft:wooden_pickaxe":1,"travelersbackpack:standard":1,"minecraft:bowl":4,"minecraft:bucket":1,"minecraft:birch_planks":20,"minecraft:stone_axe":2,"minecraft:air":0,"minecraft:charcoal":26,"minecraft:shield":1,"minecraft:stick":28,"minecraft:iron_ingot":15,"minecraft:iron_pickaxe":1,"minecraft:stone_sword":1,"minecraft:torch":8,"minecraft:shears":1},"minecraft:broken":{"minecraft:stone_pickaxe":1,"minecraft:stone_axe":1,"minecraft:stone_shovel":2},"minecraft:killed":{"alexsmobs:raccoon":1,"minecraft:spider":1,"born_in_chaos_v1:maggot":1,"minecraft:chicken":1,"born_in_chaos_v1:firelight_not_despawn":3,"minecraft:pig":1,"minecraft:iron_golem":1,"minecraft:sheep":3,"born_in_chaos_v1:bloody_gadfly":1,"minecraft:zombie":2,"iceandfire:ghost":1,"minecraft:cow":7},"minecraft:picked_up":{"minecraft:charcoal":25,"minecraft:crafting_table":2,"minecraft:chicken":1,"iceandfire:copper_sword":2,"minecraft:clay_ball":869,"minecraft:brown_mushroom":26,"minecraft:potion":2,"minecraft:brewing_stand":1,"iceandfire:manuscript":4,"minecraft:moss_carpet":6,"born_in_chaos_v1:intoxicating_decoction":1,"iceandfire:graveyard_soil":1,"minecraft:cracked_stone_bricks":1,"minecraft:gold_nugget":30,"minecraft:beef":5,"minecraft:poppy":3,"minecraft:light_gray_wool":1,"minecraft:chest":1,"minecraft:birch_sapling":6,"minecraft:furnace":1,"minecraft:dark_oak_sapling":20,"minecraft:stick":15,"minecraft:raw_iron":15,"iceandfire:ghost_chest":2,"minecraft:torch":7,"minecraft:porkchop":3,"minecraft:diorite":16,"minecraft:dark_oak_planks":1,"minecraft:rotten_flesh":30,"iceandfire:silver_ingot":3,"minecraft:arrow":1,"minecraft:gold_ingot":1,"supplementaries:ash":9,"minecraft:mutton":3,"minecraft:skeleton_skull":6,"minecraft:white_wool":4,"minecraft:cobblestone":147,"minecraft:birch_log":10,"born_in_chaos_v1:corpse_maggot":4,"minecraft:magma_block":5,"minecraft:cooked_beef":11,"minecraft:andesite":7,"minecraft:leather":7,"minecraft:red_mushroom":114,"minecraft:birch_planks":8,"born_in_chaos_v1:black_argillite_button":1,"iceandfire:ectoplasm":7,"minecraft:yellow_bed":1,"minecraft:dirt":47,"minecraft:cooked_mutton":4,"minecraft:bone":11,"minecraft:apple":3,"minecraft:stone_bricks":1,"minecraft:wheat_seeds":3,"minecraft:iron_ingot":5,"born_in_chaos_v1:chipped_black_argillite_brick":1,"minecraft:cobweb":11,"iceandfire:copper_nugget":14,"minecraft:cooked_porkchop":3,"minecraft:pumpkin":8,"minecraft:sand":36,"minecraft:white_bed":1,"minecraft:dark_oak_log":152,"travelersbackpack:standard":1,"born_in_chaos_v1:fire_dust":13,"minecraft:granite":3,"minecraft:gray_wool":1,"minecraft:bread":14,"minecraft:oak_sapling":2,"iceandfire:silver_nugget":10,"minecraft:coal":33,"iceandfire:raw_silver":1}},"DataVersion":3465}