{"stats":{"minecraft:custom":{"minecraft:mob_kills":11,"minecraft:interact_with_crafting_table":17,"minecraft:interact_with_campfire":5,"minecraft:leave_game":11,"minecraft:time_since_death":1840,"minecraft:sleep_in_bed":3,"minecraft:time_since_rest":1866,"minecraft:sprint_one_cm":209408,"minecraft:damage_taken":4466,"minecraft:walk_one_cm":151159,"minecraft:trigger_trapped_chest":1,"minecraft:drop":1,"minecraft:damage_dealt":1825,"minecraft:talked_to_villager":2,"minecraft:swim_one_cm":5186,"minecraft:fly_one_cm":158636,"minecraft:player_kills":1,"minecraft:open_chest":49,"minecraft:crouch_one_cm":753,"minecraft:play_time":88447,"minecraft:deaths":9,"minecraft:sneak_time":222,"minecraft:walk_under_water_one_cm":5696,"minecraft:boat_one_cm":42914,"minecraft:jump":988,"minecraft:walk_on_water_one_cm":13623,"minecraft:total_world_time":88447,"minecraft:fall_one_cm":30386},"minecraft:used":{"minecraft:stone_sword":8,"minecraft:birch_planks":8,"minecraft:stone_shovel":231,"minecraft:stone_pickaxe":219,"minecraft:wooden_pickaxe":16,"simpletomb:grave_key":31,"minecraft:torch":7,"iceandfire:copper_sword":32,"minecraft:crafting_table":2,"minecraft:mushroom_stew":8,"minecraft:white_bed":1,"minecraft:dark_oak_planks":4,"minecraft:apple":3,"minecraft:dark_oak_log":1,"minecraft:bread":12,"minecraft:stone_axe":113,"quark:dark_oak_chest":4,"minecraft:cobblestone":6,"minecraft:cooked_porkchop":3,"minecraft:andesite":1,"minecraft:yellow_bed":1},"minecraft:dropped":{"minecraft:skeleton_skull":1},"minecraft:mined":{"minecraft:dark_oak_planks":1,"minecraft:white_bed":1,"minecraft:flowering_azalea":1,"minecraft:brown_mushroom":4,"iceandfire:silver_ore":1,"iceandfire:copper_pile":2,"minecraft:dark_oak_log":1,"minecraft:clay":216,"minecraft:crafting_table":2,"minecraft:torch":2,"minecraft:granite":3,"minecraft:grass_block":5,"minecraft:poppy":1,"minecraft:chest":1,"minecraft:campfire":2,"minecraft:moss_block":2,"minecraft:red_mushroom":5,"minecraft:diorite":16,"minecraft:wall_torch":5,"minecraft:skeleton_skull":2,"minecraft:birch_planks":8,"minecraft:furnace":1,"minecraft:iron_ore":15,"minecraft:fire":1,"minecraft:andesite":7,"treechop:chopped_log":15,"minecraft:yellow_bed":1,"minecraft:grass":10,"iceandfire:gold_pile":3,"minecraft:coal_ore":27,"iceandfire:silver_pile":3,"minecraft:vine":2,"minecraft:dirt":23,"minecraft:stone":147,"minecraft:oak_leaves":3},"minecraft:crafted":{"minecraft:stone_shovel":3,"minecraft:crafting_table":2,"minecraft:wooden_pickaxe":1,"minecraft:bowl":4,"minecraft:mushroom_stew":10,"minecraft:birch_planks":20,"minecraft:stone_axe":2,"quark:dark_oak_chest":4,"minecraft:stick":24,"minecraft:stone_pickaxe":4,"minecraft:stone_sword":1,"minecraft:torch":8,"minecraft:dark_oak_planks":260},"minecraft:killed":{"minecraft:pig":1,"minecraft:iron_golem":1,"minecraft:sheep":2,"minecraft:zombie":1,"born_in_chaos_v1:firelight_not_despawn":3,"minecraft:cow":1},"minecraft:broken":{"minecraft:stone_pickaxe":1,"minecraft:stone_shovel":1},"minecraft:picked_up":{"minecraft:birch_log":10,"born_in_chaos_v1:corpse_maggot":3,"minecraft:charcoal":25,"minecraft:magma_block":5,"minecraft:crafting_table":2,"minecraft:clay_ball":869,"minecraft:andesite":7,"minecraft:brown_mushroom":26,"minecraft:red_mushroom":114,"minecraft:birch_planks":8,"iceandfire:ectoplasm":2,"born_in_chaos_v1:black_argillite_button":1,"minecraft:yellow_bed":1,"minecraft:dirt":46,"minecraft:moss_carpet":6,"minecraft:bone":1,"minecraft:apple":3,"minecraft:gold_nugget":18,"minecraft:wheat_seeds":2,"minecraft:iron_ingot":5,"minecraft:beef":2,"born_in_chaos_v1:chipped_black_argillite_brick":1,"minecraft:poppy":3,"minecraft:light_gray_wool":1,"minecraft:chest":1,"minecraft:birch_sapling":6,"minecraft:furnace":1,"iceandfire:copper_nugget":14,"minecraft:dark_oak_sapling":20,"minecraft:stick":15,"minecraft:raw_iron":15,"minecraft:cooked_porkchop":3,"minecraft:torch":7,"minecraft:porkchop":3,"minecraft:diorite":16,"minecraft:white_bed":1,"minecraft:dark_oak_log":152,"minecraft:dark_oak_planks":1,"minecraft:arrow":1,"minecraft:rotten_flesh":17,"born_in_chaos_v1:fire_dust":13,"minecraft:granite":3,"minecraft:gray_wool":1,"supplementaries:ash":1,"minecraft:oak_sapling":2,"iceandfire:silver_nugget":10,"minecraft:mutton":3,"minecraft:coal":33,"minecraft:skeleton_skull":2,"iceandfire:raw_silver":1,"minecraft:cobblestone":147}},"DataVersion":3465}