{"stats":{"minecraft:custom":{"minecraft:mob_kills":7,"minecraft:interact_with_crafting_table":17,"minecraft:interact_with_campfire":5,"minecraft:leave_game":11,"minecraft:time_since_death":40279,"minecraft:sleep_in_bed":1,"minecraft:time_since_rest":12605,"minecraft:sprint_one_cm":156260,"minecraft:damage_taken":2600,"minecraft:walk_one_cm":103697,"minecraft:trigger_trapped_chest":1,"minecraft:drop":1,"minecraft:damage_dealt":1029,"minecraft:talked_to_villager":1,"minecraft:swim_one_cm":5186,"minecraft:fly_one_cm":103159,"minecraft:player_kills":1,"minecraft:open_chest":43,"minecraft:crouch_one_cm":674,"minecraft:play_time":76447,"minecraft:deaths":5,"minecraft:sneak_time":210,"minecraft:walk_under_water_one_cm":5696,"minecraft:boat_one_cm":42914,"minecraft:jump":784,"minecraft:walk_on_water_one_cm":13623,"minecraft:total_world_time":76447,"minecraft:fall_one_cm":23561},"minecraft:used":{"minecraft:stone_sword":8,"minecraft:birch_planks":8,"minecraft:stone_shovel":231,"minecraft:stone_pickaxe":219,"minecraft:wooden_pickaxe":16,"simpletomb:grave_key":6,"minecraft:torch":7,"iceandfire:copper_sword":22,"minecraft:crafting_table":2,"minecraft:mushroom_stew":8,"minecraft:dark_oak_planks":4,"minecraft:apple":3,"minecraft:stone_axe":111,"quark:dark_oak_chest":4,"minecraft:cobblestone":6,"minecraft:cooked_porkchop":3,"minecraft:andesite":1,"minecraft:yellow_bed":1},"minecraft:dropped":{"minecraft:skeleton_skull":1},"minecraft:mined":{"minecraft:dark_oak_planks":1,"minecraft:white_bed":1,"minecraft:flowering_azalea":1,"minecraft:brown_mushroom":4,"iceandfire:silver_ore":1,"minecraft:clay":216,"minecraft:crafting_table":2,"minecraft:torch":2,"minecraft:granite":3,"minecraft:grass_block":5,"minecraft:poppy":1,"minecraft:chest":1,"minecraft:campfire":2,"minecraft:moss_block":2,"minecraft:red_mushroom":5,"minecraft:diorite":16,"minecraft:wall_torch":5,"minecraft:skeleton_skull":2,"minecraft:birch_planks":8,"minecraft:furnace":1,"minecraft:iron_ore":15,"minecraft:fire":1,"minecraft:andesite":7,"treechop:chopped_log":15,"minecraft:yellow_bed":1,"minecraft:grass":8,"minecraft:coal_ore":27,"minecraft:vine":1,"minecraft:dirt":23,"minecraft:stone":147,"minecraft:oak_leaves":3},"minecraft:crafted":{"minecraft:stone_shovel":3,"minecraft:crafting_table":2,"minecraft:wooden_pickaxe":1,"minecraft:bowl":4,"minecraft:mushroom_stew":10,"minecraft:birch_planks":20,"minecraft:stone_axe":2,"quark:dark_oak_chest":4,"minecraft:stick":24,"minecraft:stone_pickaxe":4,"minecraft:stone_sword":1,"minecraft:torch":8,"minecraft:dark_oak_planks":260},"minecraft:killed":{"minecraft:pig":1,"minecraft:sheep":2,"born_in_chaos_v1:firelight_not_despawn":3,"minecraft:cow":1},"minecraft:broken":{"minecraft:stone_pickaxe":1,"minecraft:stone_shovel":1},"minecraft:picked_up":{"minecraft:birch_log":10,"minecraft:charcoal":25,"minecraft:magma_block":5,"minecraft:crafting_table":2,"minecraft:clay_ball":869,"minecraft:andesite":7,"minecraft:brown_mushroom":26,"minecraft:red_mushroom":114,"minecraft:birch_planks":8,"born_in_chaos_v1:black_argillite_button":1,"minecraft:yellow_bed":1,"minecraft:dirt":28,"minecraft:moss_carpet":6,"minecraft:apple":3,"minecraft:beef":2,"born_in_chaos_v1:chipped_black_argillite_brick":1,"minecraft:poppy":1,"minecraft:light_gray_wool":1,"minecraft:chest":1,"minecraft:birch_sapling":6,"minecraft:furnace":1,"minecraft:dark_oak_sapling":20,"minecraft:stick":15,"minecraft:raw_iron":15,"minecraft:cooked_porkchop":3,"minecraft:torch":7,"minecraft:porkchop":3,"minecraft:diorite":16,"minecraft:white_bed":1,"minecraft:dark_oak_log":151,"minecraft:dark_oak_planks":1,"minecraft:rotten_flesh":2,"born_in_chaos_v1:fire_dust":13,"minecraft:granite":3,"minecraft:gray_wool":1,"supplementaries:ash":1,"minecraft:oak_sapling":2,"minecraft:mutton":3,"minecraft:coal":33,"minecraft:skeleton_skull":2,"iceandfire:raw_silver":1,"minecraft:cobblestone":147}},"DataVersion":3465}