{"stats":{"minecraft:killed":{"born_in_chaos_v1:restless_spirit":1,"minecraft:spider":1,"minecraft:skeleton":6,"born_in_chaos_v1:decrepit_skeleton":1,"minecraft:sheep":3,"minecraft:zombie":4,"iceandfire:ghost":1,"alexsmobs:crow":1},"minecraft:mined":{"minecraft:white_bed":1,"iceandfire:silver_ore":15,"minecraft:granite":31,"iceandfire:frozen_stone":4,"minecraft:grass_block":3,"minecraft:coal_block":2,"minecraft:oxeye_daisy":2,"minecraft:spawner":1,"minecraft:hay_block":12,"minecraft:iron_ore":12,"minecraft:andesite":29,"minecraft:pumpkin":12,"treechop:chopped_log":10,"quark:sturdy_stone":1,"minecraft:vine":4,"quark:vertical_blossom_planks":3,"minecraft:stone":93,"minecraft:brown_mushroom":1,"quark:oak_chest":1,"minecraft:dandelion":5,"iceandfire:dragon_ice_spikes":3,"minecraft:crafting_table":2,"minecraft:cornflower":1,"minecraft:torch":6,"minecraft:poppy":1,"mysticaloaktree:wise_oak":1,"iceandfire:sapphire_ore":5,"minecraft:tall_grass":67,"minecraft:copper_ore":24,"minecraft:cobblestone":4,"minecraft:deepslate_coal_ore":1,"minecraft:sugar_cane":9,"minecraft:diorite":18,"minecraft:wall_torch":7,"minecraft:spruce_log":4,"born_in_chaos_v1:river_mint":4,"minecraft:grass":258,"minecraft:oak_log":8,"minecraft:coal_ore":159,"minecraft:gravel":2,"minecraft:dirt":5,"minecraft:oak_leaves":3},"minecraft:used":{"quark:sturdy_stone":1,"minecraft:stone_shovel":1,"quark:vertical_blossom_planks":3,"minecraft:stone_hoe":17,"minecraft:torch":81,"minecraft:dirt":1,"minecraft:granite":11,"quark:spruce_chest":2,"minecraft:furnace":1,"quark:blossom_ladder":22,"minecraft:diorite":8,"minecraft:stone_pickaxe":149,"minecraft:wooden_pickaxe":17,"minecraft:crafting_table":4,"minecraft:white_bed":2,"minecraft:painting":3,"minecraft:smoker":1,"minecraft:oak_log":3,"minecraft:apple":1,"minecraft:bread":21,"minecraft:iron_pickaxe":239,"minecraft:gravel":2,"minecraft:stone_axe":208,"minecraft:cobblestone":10,"quark:oak_chest":5},"minecraft:picked_up":{"minecraft:crafting_table":3,"born_in_chaos_v1:river_mint":4,"minecraft:brown_mushroom":2,"minecraft:wooden_pickaxe":1,"minecraft:raw_copper":80,"minecraft:cornflower":1,"iceandfire:manuscript":4,"minecraft:string":2,"iceandfire:frozen_stone":4,"minecraft:spruce_planks":1,"minecraft:poppy":1,"minecraft:sugar_cane":51,"minecraft:coal_block":2,"minecraft:egg":1,"minecraft:raw_iron":23,"minecraft:stick":18,"iceandfire:dragonbone":32,"minecraft:torch":14,"quark:blossom_log":194,"minecraft:diorite":19,"minecraft:carrot":1,"quark:blossom_planks":4,"iceandfire:dragon_skull_ice":2,"quark:sturdy_stone":1,"minecraft:arrow":6,"minecraft:rotten_flesh":8,"minecraft:hay_block":12,"minecraft:mutton":10,"minecraft:cobblestone":124,"minecraft:white_wool":6,"minecraft:oxeye_daisy":2,"iceandfire:sapphire_gem":5,"minecraft:andesite":28,"minecraft:red_mushroom":1,"minecraft:flint":2,"minecraft:oak_log":34,"iceandfire:ectoplasm":3,"minecraft:horn_coral":1,"minecraft:gunpowder":3,"minecraft:dirt":15,"locallooks:magic_mirror":1,"minecraft:bone":12,"minecraft:apple":6,"minecraft:wheat_seeds":29,"alexsmobs:cockroach_wing_fragment":2,"minecraft:stone_pickaxe":3,"quark:blossom_ladder":34,"minecraft:cobweb":4,"quark:blue_blossom_sapling":13,"minecraft:pumpkin":24,"born_in_chaos_v1:ethereal_spirit":2,"minecraft:dandelion":4,"minecraft:poisonous_potato":1,"minecraft:gravel":11,"minecraft:spruce_sapling":24,"minecraft:spruce_log":23,"minecraft:white_bed":1,"quark:oak_chest":1,"alexsmobs:animal_dictionary":1,"minecraft:stone_axe":3,"minecraft:granite":40,"minecraft:painting":3,"minecraft:oak_sapling":16,"minecraft:coal":216,"quark:vertical_blossom_planks":3,"iceandfire:raw_silver":15},"minecraft:custom":{"minecraft:mob_kills":18,"minecraft:interact_with_crafting_table":24,"minecraft:open_barrel":6,"minecraft:leave_game":4,"minecraft:time_since_death":31501,"minecraft:climb_one_cm":12792,"minecraft:sprint_one_cm":318037,"minecraft:walk_one_cm":210690,"minecraft:drop":1,"minecraft:play_time":80664,"minecraft:deaths":10,"minecraft:sneak_time":2486,"minecraft:walk_under_water_one_cm":2004,"minecraft:jump":1379,"minecraft:walk_on_water_one_cm":24731,"minecraft:total_world_time":80664,"minecraft:interact_with_furnace":3,"minecraft:sleep_in_bed":4,"minecraft:time_since_rest":31528,"minecraft:waystone_activated":1,"minecraft:damage_taken":3860,"minecraft:trigger_trapped_chest":2,"minecraft:damage_dealt":3362,"minecraft:swim_one_cm":18936,"minecraft:fly_one_cm":266759,"minecraft:open_chest":38,"minecraft:crouch_one_cm":6546,"minecraft:fall_one_cm":37129},"minecraft:crafted":{"minecraft:oak_planks":64,"minecraft:stone_shovel":1,"quark:vertical_blossom_planks":3,"quark:sturdy_stone":1,"minecraft:furnace":2,"minecraft:stone_pickaxe":2,"quark:spruce_chest":2,"minecraft:stone_hoe":1,"minecraft:smoker":1,"minecraft:wheat":108,"quark:blossom_planks":264,"minecraft:crafting_table":2,"minecraft:spruce_planks":52,"minecraft:wooden_pickaxe":1,"minecraft:bucket":1,"minecraft:stone_axe":2,"minecraft:air":0,"minecraft:bread":36,"quark:blossom_ladder":56,"minecraft:stick":216,"quark:oak_chest":4,"minecraft:iron_pickaxe":1,"minecraft:iron_ingot":11,"minecraft:white_bed":1,"minecraft:torch":140},"minecraft:dropped":{"minecraft:bread":11},"minecraft:broken":{"minecraft:stone_axe":1}},"DataVersion":3465}