{"stats":{"minecraft:killed":{"born_in_chaos_v1:restless_spirit":1,"minecraft:spider":1,"born_in_chaos_v1:decrepit_skeleton":1,"minecraft:skeleton":2,"minecraft:sheep":3,"alexsmobs:crow":1},"minecraft:picked_up":{"minecraft:crafting_table":3,"born_in_chaos_v1:river_mint":3,"minecraft:andesite":2,"minecraft:brown_mushroom":2,"minecraft:wooden_pickaxe":1,"minecraft:flint":1,"minecraft:oak_log":17,"iceandfire:ectoplasm":3,"minecraft:cornflower":1,"iceandfire:manuscript":4,"minecraft:dirt":15,"minecraft:string":2,"locallooks:magic_mirror":1,"minecraft:bone":8,"minecraft:apple":4,"minecraft:wheat_seeds":26,"alexsmobs:cockroach_wing_fragment":2,"minecraft:spruce_planks":1,"quark:blossom_ladder":34,"minecraft:stone_pickaxe":3,"minecraft:cobweb":4,"minecraft:poppy":1,"minecraft:sugar_cane":46,"quark:blue_blossom_sapling":8,"minecraft:stick":11,"minecraft:raw_iron":23,"iceandfire:dragonbone":32,"minecraft:pumpkin":24,"minecraft:dandelion":4,"minecraft:torch":4,"born_in_chaos_v1:ethereal_spirit":2,"minecraft:gravel":7,"quark:blossom_log":139,"minecraft:spruce_sapling":24,"minecraft:diorite":4,"minecraft:white_bed":1,"minecraft:spruce_log":23,"quark:blossom_planks":4,"alexsmobs:animal_dictionary":1,"iceandfire:dragon_skull_ice":2,"minecraft:arrow":4,"quark:sturdy_stone":1,"minecraft:stone_axe":3,"minecraft:granite":16,"minecraft:oak_sapling":8,"minecraft:mutton":10,"quark:vertical_blossom_planks":3,"minecraft:coal":121,"minecraft:cobblestone":75,"minecraft:white_wool":6,"minecraft:oxeye_daisy":1},"minecraft:custom":{"minecraft:interact_with_furnace":1,"minecraft:mob_kills":9,"minecraft:interact_with_crafting_table":19,"minecraft:leave_game":3,"minecraft:time_since_death":12347,"minecraft:sleep_in_bed":3,"minecraft:climb_one_cm":9160,"minecraft:time_since_rest":9001,"minecraft:waystone_activated":1,"minecraft:sprint_one_cm":173938,"minecraft:damage_taken":1230,"minecraft:walk_one_cm":97692,"minecraft:trigger_trapped_chest":1,"minecraft:damage_dealt":1755,"minecraft:swim_one_cm":9174,"minecraft:fly_one_cm":146631,"minecraft:open_chest":10,"minecraft:crouch_one_cm":2355,"minecraft:play_time":40406,"minecraft:sneak_time":1146,"minecraft:deaths":4,"minecraft:walk_under_water_one_cm":964,"minecraft:jump":679,"minecraft:walk_on_water_one_cm":9333,"minecraft:total_world_time":40406,"minecraft:fall_one_cm":21466},"minecraft:broken":{"minecraft:stone_axe":1},"minecraft:mined":{"minecraft:brown_mushroom":1,"minecraft:white_bed":1,"minecraft:dandelion":5,"minecraft:cornflower":1,"minecraft:crafting_table":2,"minecraft:granite":7,"minecraft:grass_block":3,"minecraft:poppy":1,"minecraft:tall_grass":66,"minecraft:sugar_cane":7,"minecraft:oxeye_daisy":1,"minecraft:diorite":2,"minecraft:wall_torch":2,"minecraft:iron_ore":12,"minecraft:spruce_log":4,"born_in_chaos_v1:river_mint":3,"minecraft:andesite":2,"minecraft:pumpkin":12,"treechop:chopped_log":7,"minecraft:grass":230,"minecraft:oak_log":5,"minecraft:coal_ore":64,"quark:sturdy_stone":1,"minecraft:vine":1,"minecraft:gravel":1,"minecraft:dirt":5,"quark:vertical_blossom_planks":3,"minecraft:stone":48,"minecraft:oak_leaves":3},"minecraft:crafted":{"minecraft:oak_planks":64,"quark:blossom_planks":264,"quark:vertical_blossom_planks":3,"minecraft:crafting_table":2,"minecraft:spruce_planks":52,"minecraft:wooden_pickaxe":1,"quark:sturdy_stone":1,"minecraft:furnace":2,"minecraft:stone_axe":2,"quark:blossom_ladder":56,"minecraft:stick":216,"minecraft:stone_pickaxe":2,"minecraft:white_bed":1,"quark:spruce_chest":2,"minecraft:torch":20,"minecraft:stone_hoe":1,"minecraft:smoker":1},"minecraft:used":{"quark:sturdy_stone":1,"minecraft:stone_pickaxe":122,"quark:vertical_blossom_planks":3,"minecraft:wooden_pickaxe":17,"minecraft:torch":23,"minecraft:dirt":1,"minecraft:crafting_table":4,"minecraft:white_bed":2,"minecraft:smoker":1,"minecraft:oak_log":1,"minecraft:apple":1,"quark:spruce_chest":2,"minecraft:bread":2,"minecraft:stone_axe":127,"minecraft:furnace":1,"quark:blossom_ladder":22}},"DataVersion":3465}