{"stats":{"minecraft:custom":{"minecraft:interact_with_anvil":1,"minecraft:mob_kills":11,"minecraft:interact_with_crafting_table":15,"minecraft:open_barrel":18,"minecraft:damage_dealt_resisted":3,"minecraft:leave_game":13,"minecraft:time_since_death":29322,"minecraft:sleep_in_bed":2,"minecraft:climb_one_cm":141,"minecraft:time_since_rest":29351,"minecraft:sprint_one_cm":230251,"minecraft:damage_taken":3204,"minecraft:walk_one_cm":164430,"minecraft:drop":9,"minecraft:minecart_one_cm":12860,"minecraft:damage_dealt":4792,"minecraft:swim_one_cm":315,"minecraft:fly_one_cm":229318,"minecraft:open_chest":17,"minecraft:crouch_one_cm":4664,"minecraft:play_time":74839,"minecraft:deaths":5,"minecraft:sneak_time":1163,"minecraft:walk_under_water_one_cm":4806,"minecraft:jump":952,"minecraft:walk_on_water_one_cm":15289,"minecraft:total_world_time":74839,"minecraft:fall_one_cm":27902},"minecraft:used":{"minecraft:stone_pickaxe":139,"minecraft:baked_potato":21,"minecraft:wooden_pickaxe":20,"minecraft:stone_hoe":14,"simpletomb:grave_key":49,"minecraft:torch":97,"minecraft:dirt":1,"minecraft:crafting_table":5,"quark:acacia_chest":4,"minecraft:wooden_axe":6,"minecraft:diamond_pickaxe":209,"minecraft:bread":21,"minecraft:stone_axe":76,"minecraft:diamond_sword":67,"minecraft:cobblestone":20,"minecraft:minecart":2,"minecraft:acacia_planks":1},"minecraft:mined":{"iceandfire:copper_pile":6,"minecraft:crafting_table":4,"minecraft:torch":12,"minecraft:granite":1,"minecraft:grass_block":8,"minecraft:calcite":5,"minecraft:tall_grass":19,"minecraft:cobblestone":2,"quark:acacia_chest":1,"minecraft:damaged_anvil":1,"minecraft:diorite":10,"minecraft:amethyst_block":4,"minecraft:spawner":6,"minecraft:hay_block":14,"minecraft:iron_ore":22,"minecraft:andesite":1,"treechop:chopped_log":7,"minecraft:grass":158,"minecraft:coal_ore":92,"minecraft:dirt":2,"minecraft:smooth_basalt":8,"minecraft:acacia_planks":1,"minecraft:stone":194,"born_in_chaos_v1:infernal_evil_pumpkin_s":1},"minecraft:dropped":{"minecraft:stone_hoe":1,"minecraft:stone_axe":1,"minecraft:cobblestone":9,"minecraft:diamond_sword":1,"minecraft:diamond_chestplate":1,"minecraft:diamond_pickaxe":1,"minecraft:diamond_boots":1,"minecraft:stone_pickaxe":1},"minecraft:crafted":{"minecraft:oak_planks":20,"minecraft:diamond_sword":2,"minecraft:crafting_table":1,"minecraft:wooden_pickaxe":1,"minecraft:stone_axe":2,"minecraft:bread":51,"quark:acacia_chest":6,"minecraft:diamond_pickaxe":2,"minecraft:stick":40,"minecraft:stone_pickaxe":3,"minecraft:wooden_axe":1,"minecraft:acacia_planks":72,"minecraft:torch":36,"minecraft:stone_hoe":1,"minecraft:minecart":1,"minecraft:wheat":126},"minecraft:killed":{"born_in_chaos_v1:restless_spirit":1,"minecraft:skeleton":7,"alexsmobs:cockroach":1,"artifacts:mimic":2},"minecraft:broken":{"minecraft:stone_pickaxe":1},"minecraft:picked_up":{"iceandfire:dragon_skull_lightning":2,"minecraft:crafting_table":4,"minecraft:wheat":28,"born_in_chaos_v1:monster_flesh":2,"minecraft:andesite":1,"alexsmobs:acacia_blossom":4,"minecraft:oak_log":11,"minecraft:amethyst_block":4,"minecraft:dirt":10,"born_in_chaos_v1:monster_skin":1,"minecraft:bone":10,"minecraft:acacia_planks":1,"minecraft:wheat_seeds":69,"alexsmobs:cockroach_wing_fragment":1,"minecraft:spruce_planks":1,"minecraft:calcite":5,"minecraft:minecart":2,"minecraft:acacia_sapling":7,"minecraft:stone_hoe":1,"minecraft:raw_iron":23,"minecraft:smooth_basalt":7,"minecraft:stick":5,"iceandfire:copper_nugget":50,"iceandfire:dragonbone":27,"artifacts:charm_of_sinking":1,"minecraft:torch":64,"born_in_chaos_v1:ethereal_spirit":1,"minecraft:acacia_log":26,"quark:blossom_log":43,"minecraft:diorite":9,"minecraft:arrow":7,"minecraft:diamond_chestplate":1,"quark:orange_blossom_sapling":6,"quark:acacia_chest":1,"minecraft:diamond_boots":1,"minecraft:hay_block":14,"minecraft:granite":2,"minecraft:oak_sapling":4,"minecraft:damaged_anvil":1,"minecraft:coal":90,"minecraft:cobblestone":202},"minecraft:killed_by":{"minecraft:skeleton":1}},"DataVersion":3465}