{"stats":{"minecraft:custom":{"minecraft:mob_kills":2,"minecraft:interact_with_crafting_table":16,"minecraft:interact_with_campfire":5,"minecraft:leave_game":11,"minecraft:time_since_death":28279,"minecraft:sleep_in_bed":1,"minecraft:time_since_rest":605,"minecraft:sprint_one_cm":123439,"minecraft:damage_taken":2210,"minecraft:walk_one_cm":77980,"minecraft:damage_dealt":434,"minecraft:swim_one_cm":3530,"minecraft:fly_one_cm":73895,"minecraft:player_kills":1,"minecraft:open_chest":19,"minecraft:crouch_one_cm":515,"minecraft:play_time":64447,"minecraft:deaths":5,"minecraft:sneak_time":123,"minecraft:walk_under_water_one_cm":3248,"minecraft:jump":662,"minecraft:walk_on_water_one_cm":12480,"minecraft:total_world_time":64447,"minecraft:fall_one_cm":19159},"minecraft:used":{"minecraft:stone_sword":8,"minecraft:stone_shovel":231,"minecraft:stone_pickaxe":211,"minecraft:wooden_pickaxe":13,"simpletomb:grave_key":6,"minecraft:torch":4,"minecraft:crafting_table":1,"minecraft:mushroom_stew":6,"minecraft:dark_oak_planks":4,"minecraft:apple":3,"minecraft:stone_axe":96,"minecraft:cobblestone":6,"minecraft:cooked_porkchop":2,"minecraft:andesite":1},"minecraft:mined":{"minecraft:dark_oak_planks":1,"minecraft:flowering_azalea":1,"minecraft:brown_mushroom":4,"iceandfire:silver_ore":1,"minecraft:clay":216,"minecraft:crafting_table":2,"minecraft:torch":2,"minecraft:granite":3,"minecraft:grass_block":5,"minecraft:poppy":1,"minecraft:moss_block":2,"minecraft:red_mushroom":5,"minecraft:diorite":16,"minecraft:wall_torch":1,"minecraft:iron_ore":15,"minecraft:andesite":7,"treechop:chopped_log":14,"minecraft:grass":4,"minecraft:coal_ore":27,"minecraft:dirt":23,"minecraft:stone":147},"minecraft:crafted":{"minecraft:stone_shovel":3,"minecraft:crafting_table":1,"minecraft:wooden_pickaxe":1,"minecraft:bowl":4,"minecraft:mushroom_stew":10,"minecraft:stone_axe":2,"minecraft:stick":24,"minecraft:stone_pickaxe":4,"minecraft:stone_sword":1,"minecraft:torch":8,"minecraft:dark_oak_planks":260},"minecraft:killed":{"minecraft:pig":1,"minecraft:sheep":1},"minecraft:broken":{"minecraft:stone_pickaxe":1,"minecraft:stone_shovel":1},"minecraft:picked_up":{"minecraft:birch_log":5,"minecraft:crafting_table":2,"minecraft:clay_ball":869,"minecraft:andesite":7,"minecraft:brown_mushroom":26,"minecraft:red_mushroom":114,"minecraft:dirt":28,"minecraft:moss_carpet":6,"minecraft:apple":3,"minecraft:poppy":1,"minecraft:birch_sapling":4,"minecraft:dark_oak_sapling":20,"minecraft:stick":13,"minecraft:raw_iron":15,"minecraft:cooked_porkchop":3,"minecraft:torch":3,"minecraft:porkchop":3,"minecraft:diorite":16,"minecraft:dark_oak_log":151,"minecraft:dark_oak_planks":1,"minecraft:rotten_flesh":2,"minecraft:granite":3,"minecraft:gray_wool":1,"supplementaries:ash":1,"minecraft:oak_sapling":2,"minecraft:mutton":2,"minecraft:coal":27,"iceandfire:raw_silver":1,"minecraft:cobblestone":147}},"DataVersion":3465}