{"stats":{"minecraft:killed":{"minecraft:sheep":3,"minecraft:skeleton":1},"minecraft:picked_up":{"minecraft:crafting_table":3,"minecraft:andesite":2,"minecraft:brown_mushroom":2,"minecraft:wooden_pickaxe":1,"minecraft:flint":1,"minecraft:dirt":13,"locallooks:magic_mirror":1,"minecraft:spruce_planks":1,"minecraft:stone_pickaxe":1,"minecraft:sugar_cane":46,"quark:blue_blossom_sapling":8,"minecraft:stick":8,"minecraft:raw_iron":3,"iceandfire:dragonbone":32,"minecraft:pumpkin":24,"minecraft:torch":3,"minecraft:gravel":6,"quark:blossom_log":139,"minecraft:spruce_sapling":24,"minecraft:white_bed":1,"minecraft:spruce_log":23,"alexsmobs:animal_dictionary":1,"quark:blossom_planks":4,"iceandfire:dragon_skull_ice":2,"quark:sturdy_stone":1,"minecraft:stone_axe":1,"minecraft:granite":1,"minecraft:mutton":10,"minecraft:coal":7,"minecraft:cobblestone":49,"minecraft:white_wool":6},"minecraft:custom":{"minecraft:mob_kills":4,"minecraft:interact_with_crafting_table":13,"minecraft:leave_game":2,"minecraft:time_since_death":5868,"minecraft:sleep_in_bed":1,"minecraft:time_since_rest":4774,"minecraft:sprint_one_cm":65796,"minecraft:damage_taken":500,"minecraft:walk_one_cm":36182,"minecraft:damage_dealt":880,"minecraft:swim_one_cm":1177,"minecraft:fly_one_cm":73218,"minecraft:open_chest":3,"minecraft:crouch_one_cm":2144,"minecraft:play_time":17264,"minecraft:deaths":1,"minecraft:sneak_time":991,"minecraft:walk_under_water_one_cm":319,"minecraft:jump":317,"minecraft:walk_on_water_one_cm":2291,"minecraft:total_world_time":17264,"minecraft:fall_one_cm":10079},"minecraft:mined":{"minecraft:brown_mushroom":1,"minecraft:white_bed":1,"minecraft:crafting_table":2,"minecraft:grass_block":3,"minecraft:tall_grass":2,"minecraft:sugar_cane":7,"minecraft:wall_torch":2,"minecraft:iron_ore":3,"minecraft:spruce_log":4,"minecraft:andesite":2,"minecraft:pumpkin":12,"treechop:chopped_log":4,"minecraft:coal_ore":7,"quark:sturdy_stone":1,"minecraft:vine":1,"minecraft:gravel":1,"minecraft:dirt":4,"minecraft:stone":30},"minecraft:crafted":{"quark:blossom_planks":4,"minecraft:crafting_table":1,"minecraft:spruce_planks":52,"minecraft:wooden_pickaxe":1,"quark:sturdy_stone":1,"minecraft:furnace":2,"minecraft:stone_axe":1,"minecraft:stick":8,"minecraft:stone_pickaxe":1,"minecraft:white_bed":1,"quark:spruce_chest":2,"minecraft:torch":20,"minecraft:smoker":1},"minecraft:used":{"quark:sturdy_stone":1,"minecraft:stone_pickaxe":28,"minecraft:wooden_pickaxe":17,"minecraft:torch":14,"minecraft:dirt":1,"minecraft:crafting_table":3,"minecraft:white_bed":2,"minecraft:smoker":1,"quark:spruce_chest":2,"minecraft:stone_axe":66,"minecraft:furnace":1}},"DataVersion":3465}