{"stats":{"minecraft:picked_up":{"minecraft:wheat_seeds":4},"minecraft:mined":{"minecraft:tall_grass":13,"minecraft:grass":20},"minecraft:custom":{"minecraft:jump":75,"minecraft:time_since_rest":0,"minecraft:damage_dealt":153,"minecraft:damage_taken":780,"minecraft:leave_game":3,"minecraft:play_time":3814,"minecraft:sprint_one_cm":12866,"minecraft:time_since_death":0,"minecraft:walk_one_cm":7273,"minecraft:deaths":3,"minecraft:total_world_time":3814,"minecraft:fall_one_cm":3251,"minecraft:fly_one_cm":18750},"minecraft:used":{"simpletomb:grave_key":31}},"DataVersion":3465}