{"stats":{"minecraft:custom":{"minecraft:jump":78,"minecraft:time_since_rest":12253,"minecraft:damage_dealt":4,"minecraft:damage_taken":730,"minecraft:leave_game":10,"minecraft:play_time":22134,"minecraft:sprint_one_cm":20064,"minecraft:time_since_death":12229,"minecraft:walk_one_cm":12957,"minecraft:deaths":2,"minecraft:total_world_time":22134,"minecraft:fly_one_cm":7341,"minecraft:fall_one_cm":3011,"minecraft:player_kills":1},"minecraft:used":{"simpletomb:grave_key":3,"minecraft:apple":1},"minecraft:mined":{"treechop:chopped_log":2},"minecraft:picked_up":{"minecraft:dark_oak_sapling":5,"minecraft:stick":2,"minecraft:rotten_flesh":2,"supplementaries:ash":1,"minecraft:apple":1,"minecraft:dark_oak_log":28,"minecraft:red_mushroom":19}},"DataVersion":3465}