{"stats":{"minecraft:killed":{"born_in_chaos_v1:restless_spirit":1,"minecraft:spider":1,"born_in_chaos_v1:decrepit_skeleton":1,"minecraft:sheep":3,"minecraft:skeleton":2,"alexsmobs:crow":1},"minecraft:picked_up":{"minecraft:crafting_table":3,"minecraft:andesite":2,"minecraft:brown_mushroom":2,"minecraft:wooden_pickaxe":1,"minecraft:flint":1,"minecraft:oak_log":4,"iceandfire:ectoplasm":3,"iceandfire:manuscript":4,"minecraft:string":2,"minecraft:dirt":15,"locallooks:magic_mirror":1,"minecraft:bone":8,"minecraft:apple":2,"minecraft:wheat_seeds":4,"alexsmobs:cockroach_wing_fragment":2,"minecraft:spruce_planks":1,"quark:blossom_ladder":34,"minecraft:stone_pickaxe":3,"minecraft:cobweb":4,"minecraft:sugar_cane":46,"quark:blue_blossom_sapling":8,"minecraft:stick":8,"minecraft:raw_iron":23,"iceandfire:dragonbone":32,"minecraft:pumpkin":24,"minecraft:torch":4,"born_in_chaos_v1:ethereal_spirit":2,"minecraft:gravel":7,"quark:blossom_log":139,"minecraft:spruce_sapling":24,"minecraft:diorite":4,"minecraft:white_bed":1,"minecraft:spruce_log":23,"alexsmobs:animal_dictionary":1,"quark:blossom_planks":4,"iceandfire:dragon_skull_ice":2,"minecraft:arrow":4,"quark:sturdy_stone":1,"minecraft:stone_axe":3,"minecraft:granite":16,"minecraft:mutton":10,"quark:vertical_blossom_planks":3,"minecraft:coal":121,"minecraft:cobblestone":64,"minecraft:white_wool":6},"minecraft:custom":{"minecraft:interact_with_furnace":1,"minecraft:mob_kills":9,"minecraft:interact_with_crafting_table":15,"minecraft:leave_game":3,"minecraft:time_since_death":2921,"minecraft:sleep_in_bed":2,"minecraft:climb_one_cm":8736,"minecraft:time_since_rest":2943,"minecraft:sprint_one_cm":122497,"minecraft:damage_taken":1220,"minecraft:walk_one_cm":63295,"minecraft:trigger_trapped_chest":1,"minecraft:damage_dealt":1755,"minecraft:swim_one_cm":9174,"minecraft:fly_one_cm":114272,"minecraft:open_chest":9,"minecraft:crouch_one_cm":2163,"minecraft:play_time":30980,"minecraft:deaths":4,"minecraft:sneak_time":1021,"minecraft:walk_under_water_one_cm":454,"minecraft:jump":558,"minecraft:walk_on_water_one_cm":6334,"minecraft:total_world_time":30980,"minecraft:fall_one_cm":19668},"minecraft:mined":{"minecraft:brown_mushroom":1,"minecraft:white_bed":1,"minecraft:crafting_table":2,"minecraft:granite":7,"minecraft:grass_block":3,"minecraft:tall_grass":4,"minecraft:sugar_cane":7,"minecraft:diorite":2,"minecraft:wall_torch":2,"minecraft:iron_ore":12,"minecraft:spruce_log":4,"minecraft:andesite":2,"minecraft:pumpkin":12,"treechop:chopped_log":5,"minecraft:grass":36,"minecraft:coal_ore":64,"quark:sturdy_stone":1,"minecraft:vine":1,"minecraft:gravel":1,"minecraft:dirt":5,"quark:vertical_blossom_planks":3,"minecraft:stone":37,"minecraft:oak_leaves":1},"minecraft:crafted":{"quark:blossom_planks":264,"quark:vertical_blossom_planks":3,"minecraft:crafting_table":1,"minecraft:spruce_planks":52,"minecraft:wooden_pickaxe":1,"quark:sturdy_stone":1,"minecraft:furnace":2,"minecraft:stone_axe":1,"quark:blossom_ladder":56,"minecraft:stick":96,"minecraft:stone_pickaxe":1,"minecraft:white_bed":1,"quark:spruce_chest":2,"minecraft:torch":20,"minecraft:smoker":1},"minecraft:used":{"quark:sturdy_stone":1,"minecraft:stone_pickaxe":111,"quark:vertical_blossom_planks":3,"minecraft:wooden_pickaxe":17,"minecraft:torch":23,"minecraft:dirt":1,"minecraft:crafting_table":3,"minecraft:white_bed":2,"minecraft:smoker":1,"quark:spruce_chest":2,"minecraft:stone_axe":94,"minecraft:furnace":1,"quark:blossom_ladder":22}},"DataVersion":3465}