{"stats":{"minecraft:custom":{"minecraft:time_since_rest":4528,"minecraft:sprint_one_cm":81024,"minecraft:damage_taken":1820,"minecraft:walk_one_cm":38896,"minecraft:mob_kills":1,"minecraft:damage_dealt":204,"minecraft:player_kills":1,"minecraft:interact_with_crafting_table":4,"minecraft:fly_one_cm":49814,"minecraft:crouch_one_cm":438,"minecraft:play_time":40664,"minecraft:interact_with_campfire":2,"minecraft:deaths":5,"minecraft:sneak_time":97,"minecraft:walk_under_water_one_cm":214,"minecraft:jump":369,"minecraft:walk_on_water_one_cm":6548,"minecraft:leave_game":10,"minecraft:time_since_death":4496,"minecraft:total_world_time":40664,"minecraft:fall_one_cm":13635},"minecraft:used":{"minecraft:dark_oak_planks":1,"minecraft:apple":3,"minecraft:stone_pickaxe":42,"minecraft:wooden_pickaxe":13,"simpletomb:grave_key":6,"minecraft:stone_axe":37},"minecraft:mined":{"minecraft:dark_oak_planks":1,"treechop:chopped_log":5,"minecraft:crafting_table":1,"minecraft:grass":1,"minecraft:grass_block":2,"minecraft:coal_ore":24,"minecraft:dirt":6,"minecraft:stone":29},"minecraft:crafted":{"minecraft:wooden_pickaxe":1,"minecraft:stone_pickaxe":1,"minecraft:dark_oak_planks":260,"minecraft:stone_axe":1},"minecraft:killed":{"minecraft:sheep":1},"minecraft:picked_up":{"minecraft:dark_oak_sapling":20,"minecraft:stick":9,"minecraft:crafting_table":1,"minecraft:red_mushroom":19,"minecraft:dark_oak_log":151,"minecraft:dirt":8,"minecraft:dark_oak_planks":1,"minecraft:rotten_flesh":2,"minecraft:apple":3,"minecraft:gray_wool":1,"supplementaries:ash":1,"minecraft:oak_sapling":2,"minecraft:mutton":2,"minecraft:coal":24,"minecraft:cobblestone":29}},"DataVersion":3465}