{"stats":{"minecraft:picked_up":{"quark:blossom_log":1,"minecraft:spruce_log":3,"minecraft:sugar_cane":17,"minecraft:dirt":7,"minecraft:cobblestone":17},"minecraft:custom":{"minecraft:time_since_rest":6185,"minecraft:crouch_one_cm":1336,"minecraft:sprint_one_cm":17240,"minecraft:play_time":6185,"minecraft:walk_one_cm":4922,"minecraft:sneak_time":811,"minecraft:jump":86,"minecraft:leave_game":2,"minecraft:time_since_death":6185,"minecraft:total_world_time":6185,"minecraft:interact_with_crafting_table":6,"minecraft:fall_one_cm":1428,"minecraft:fly_one_cm":29189},"minecraft:mined":{"minecraft:grass_block":3,"minecraft:dirt":4,"minecraft:spruce_log":3,"minecraft:stone":17,"minecraft:sugar_cane":5,"treechop:chopped_log":1},"minecraft:crafted":{"quark:blossom_planks":4,"minecraft:crafting_table":1,"minecraft:spruce_planks":12,"minecraft:stick":8,"minecraft:wooden_pickaxe":1},"minecraft:used":{"minecraft:dirt":1,"minecraft:crafting_table":1,"minecraft:wooden_pickaxe":17}},"DataVersion":3465}