{"stats":{"minecraft:custom":{"minecraft:interact_with_crafting_table":46,"minecraft:open_barrel":2,"minecraft:bell_ring":1,"minecraft:leave_game":12,"minecraft:time_since_death":6777,"minecraft:sprint_one_cm":552206,"minecraft:damage_blocked_by_shield":1185,"minecraft:drop":22,"minecraft:talked_to_villager":2,"minecraft:play_time":249669,"minecraft:deaths":22,"minecraft:jump":2859,"minecraft:walk_on_water_one_cm":29469,"minecraft:interact_with_furnace":22,"minecraft:interact_with_loom":1,"minecraft:sleep_in_bed":6,"minecraft:waystone_activated":1,"minecraft:damage_dealt":9235,"minecraft:player_kills":1,"minecraft:crouch_one_cm":5741,"minecraft:mob_kills":64,"minecraft:interact_with_anvil":3,"minecraft:interact_with_campfire":13,"minecraft:damage_dealt_resisted":20,"minecraft:climb_one_cm":12796,"minecraft:walk_one_cm":481774,"minecraft:sneak_time":2233,"minecraft:walk_under_water_one_cm":15955,"minecraft:boat_one_cm":42914,"minecraft:interact_with_blast_furnace":1,"minecraft:total_world_time":249669,"minecraft:time_since_rest":1037,"minecraft:damage_taken":11950,"minecraft:trigger_trapped_chest":6,"minecraft:swim_one_cm":35835,"minecraft:fly_one_cm":506368,"minecraft:open_chest":171,"minecraft:fall_one_cm":81306},"minecraft:used":{"minecraft:chest":16,"minecraft:shield":22,"minecraft:iron_sword":19,"minecraft:nether_bricks":2,"born_in_chaos_v1:corpse_maggot":1,"minecraft:lava_bucket":6,"minecraft:iron_helmet":1,"iceandfire:ghost_chest":2,"minecraft:bow":5,"minecraft:furnace":2,"minecraft:stone_pickaxe":255,"minecraft:oak_planks":1,"minecraft:wooden_pickaxe":16,"minecraft:mushroom_stew":8,"minecraft:blast_furnace":1,"minecraft:dark_oak_log":1,"minecraft:bread":24,"minecraft:smithing_table":1,"minecraft:andesite":7,"quark:birch_chest":1,"minecraft:stone_sword":8,"minecraft:flint_and_steel":2,"minecraft:stone_shovel":455,"simpletomb:grave_key":47,"minecraft:netherrack":4,"minecraft:torch":73,"minecraft:brewing_stand":1,"minecraft:dirt":2,"minecraft:anvil":2,"iceandfire:copper_sword":246,"minecraft:dark_oak_planks":4,"minecraft:iron_axe":72,"alexscaves:spelunkery_table":1,"minecraft:cooked_beef":35,"minecraft:water_bucket":7,"supplementaries:lapis_bricks":2,"minecraft:cobblestone_stairs":9,"minecraft:birch_planks":8,"quark:nether_brick_trapped_chest":1,"minecraft:crafting_table":3,"minecraft:white_bed":3,"justhammers:iron_hammer":165,"minecraft:apple":3,"minecraft:sunflower":8,"minecraft:iron_pickaxe":385,"domesticationinnovation:drum":2,"minecraft:stone_axe":148,"quark:dark_oak_chest":4,"minecraft:cobblestone":14,"travelersbackpack:standard":10,"minecraft:cooked_porkchop":3,"minecraft:bucket":13,"minecraft:yellow_bed":1},"minecraft:dropped":{"iceandfire:raw_silver":8,"minecraft:candle":2,"minecraft:lapis_lazuli":52,"minecraft:gold_ingot":64,"alexsmobs:animal_dictionary":1,"domesticationinnovation:drum":1,"alexscaves:cave_tablet":7,"supplementaries:ash":3,"iceandfire:ghost_chest":4,"minecraft:skeleton_skull":1,"minecraft:charcoal":26,"minecraft:glass":60,"iceandfire:manuscript":3,"minecraft:book":6,"alexscaves:spelunkery_table":1,"minecraft:apple":10,"minecraft:coal":5,"minecraft:blaze_rod":1,"minecraft:raw_iron":50,"minecraft:blast_furnace":1,"iceandfire:silver_ingot":5,"minecraft:slime_ball":4},"minecraft:mined":{"minecraft:dark_oak_planks":1,"minecraft:white_bed":3,"iceandfire:copper_pile":2,"minecraft:brewing_stand":1,"minecraft:granite":3,"minecraft:chiseled_polished_blackstone":1,"minecraft:grass_block":10,"minecraft:cracked_polished_blackstone_bricks":1,"minecraft:coal_block":2,"minecraft:weeping_vines_plant":88,"minecraft:iron_ore":59,"minecraft:fire":2,"minecraft:pumpkin":16,"minecraft:anvil":2,"minecraft:brown_bed":1,"iceandfire:gold_pile":48,"minecraft:brown_mushroom":4,"domesticationinnovation:drum":1,"minecraft:blackstone":12,"minecraft:crimson_nylium":1,"minecraft:clay":216,"minecraft:torch":11,"minecraft:blast_furnace":1,"minecraft:poppy":1,"iceandfire:ghost_chest":6,"minecraft:chest":16,"minecraft:nether_quartz_ore":18,"minecraft:cobblestone":4,"minecraft:sugar_cane":3,"minecraft:oak_planks":1,"minecraft:wall_torch":27,"minecraft:skeleton_skull":2,"minecraft:nether_wart_block":1,"minecraft:tnt":9,"minecraft:stone_brick_stairs":5,"supplementaries:lapis_bricks":1,"minecraft:grass":33,"quark:birch_chest":1,"minecraft:dirt":31,"minecraft:sand":162,"minecraft:netherrack":112,"minecraft:oak_leaves":3,"minecraft:deepslate":1,"minecraft:nether_gold_ore":3,"alexscaves:spelunkery_table":1,"iceandfire:silver_ore":4,"minecraft:candle":1,"minecraft:dark_oak_log":1,"minecraft:nether_bricks":2,"minecraft:chiseled_bookshelf":1,"minecraft:weeping_vines":10,"minecraft:red_mushroom":5,"minecraft:moss_block":2,"minecraft:oak_trapdoor":1,"minecraft:furnace":1,"minecraft:andesite":10,"treechop:chopped_log":17,"minecraft:bookshelf":2,"minecraft:vine":4,"minecraft:stone":196,"quark:nether_brick_trapped_chest":1,"minecraft:flowering_azalea":1,"travelersbackpack:standard":9,"minecraft:crafting_table":13,"minecraft:rose_bush":4,"minecraft:campfire":2,"minecraft:tall_grass":1,"minecraft:lapis_ore":7,"minecraft:diorite":23,"supplementaries:urn":2,"minecraft:birch_planks":8,"minecraft:yellow_bed":1,"minecraft:coal_ore":50,"iceandfire:silver_pile":3,"minecraft:sunflower":15,"minecraft:gravel":50,"minecraft:cracked_stone_bricks":2,"minecraft:polished_blackstone":4,"minecraft:stone_bricks":4},"minecraft:crafted":{"minecraft:cobblestone_stairs":40,"supplementaries:lapis_bricks":1,"minecraft:glass":96,"minecraft:stone_hoe":1,"minecraft:crafting_table":2,"minecraft:wooden_pickaxe":1,"travelersbackpack:standard":1,"minecraft:smithing_table":1,"minecraft:birch_planks":40,"minecraft:charcoal":26,"minecraft:shield":1,"minecraft:stick":84,"minecraft:iron_pickaxe":1,"minecraft:iron_ingot":37,"minecraft:stone_sword":1,"minecraft:gold_ingot":71,"minecraft:shears":1,"minecraft:stone_shovel":5,"minecraft:furnace":2,"minecraft:mushroom_stew":10,"minecraft:flint_and_steel":1,"quark:dark_oak_chest":10,"travelersbackpack:white_sleeping_bag":1,"minecraft:stone_pickaxe":4,"minecraft:dark_oak_planks":344,"travelersbackpack:backpack_tank":2,"minecraft:bowl":4,"minecraft:bucket":1,"minecraft:stone_axe":2,"minecraft:air":0,"justhammers:iron_hammer":2,"minecraft:torch":84},"minecraft:broken":{"minecraft:stone_pickaxe":1,"minecraft:stone_axe":1,"minecraft:stone_shovel":3,"minecraft:iron_pickaxe":1},"minecraft:killed":{"minecraft:spider":1,"minecraft:skeleton":10,"minecraft:chicken":1,"born_in_chaos_v1:firelight_not_despawn":3,"minecraft:pig":1,"minecraft:iron_golem":1,"minecraft:creeper":1,"minecraft:sheep":3,"minecraft:zombie":5,"minecraft:stray":1,"minecraft:cow":14,"alexsmobs:raccoon":3,"minecraft:slime":3,"born_in_chaos_v1:firelight":1,"born_in_chaos_v1:maggot":1,"alexsmobs:bison":2,"born_in_chaos_v1:baby_skeleton":1,"born_in_chaos_v1:bloody_gadfly":1,"iceandfire:ghost":3},"minecraft:picked_up":{"cataclysm:void_scatter_arrow":1,"minecraft:iron_chestplate":1,"iceandfire:copper_sword":2,"minecraft:anvil":2,"alexscaves:cave_tablet":7,"minecraft:brown_bed":1,"minecraft:potion":2,"minecraft:wither_rose":1,"minecraft:enchanted_book":1,"minecraft:stone_brick_stairs":5,"minecraft:brewing_stand":1,"minecraft:golden_sword":1,"iceandfire:manuscript":12,"minecraft:string":1,"minecraft:raw_copper":4,"minecraft:iron_leggings":1,"minecraft:shroomlight":7,"minecraft:gold_nugget":706,"minecraft:cobbled_deepslate":1349,"minecraft:rose_bush":4,"minecraft:iron_pickaxe":4,"minecraft:coal_block":2,"minecraft:iron_boots":1,"minecraft:furnace":1,"minecraft:stick":15,"iceandfire:ghost_chest":10,"minecraft:torch":41,"minecraft:porkchop":3,"minecraft:diorite":34,"minecraft:stone_sword":1,"minecraft:rotten_flesh":47,"supplementaries:antique_ink":1,"supplementaries:ash":17,"minecraft:blaze_rod":1,"minecraft:obsidian":6,"minecraft:iron_bars":4,"minecraft:cobblestone":236,"minecraft:birch_log":10,"minecraft:magma_block":5,"minecraft:cooked_beef":41,"minecraft:water_bucket":1,"minecraft:andesite":10,"alexsmobs:bison_fur":2,"minecraft:flint":19,"minecraft:tuff":19,"born_in_chaos_v1:black_argillite_button":1,"minecraft:lapis_lazuli":141,"minecraft:dirt":59,"minecraft:glass":60,"minecraft:bone":52,"supplementaries:cartographers_quill":1,"minecraft:bow":1,"minecraft:wheat_seeds":4,"minecraft:raw_gold":17,"minecraft:oak_planks":1,"minecraft:chiseled_polished_blackstone":1,"minecraft:cooked_porkchop":3,"quark:nether_brick_trapped_chest":1,"justhammers:iron_hammer":2,"minecraft:sand":160,"minecraft:dark_oak_log":152,"alexsmobs:animal_dictionary":1,"born_in_chaos_v1:fire_dust":15,"artifacts:crystal_heart":1,"minecraft:cracked_polished_blackstone_bricks":1,"minecraft:granite":6,"minecraft:bread":22,"minecraft:emerald":6,"minecraft:oak_sapling":7,"minecraft:netherrack":116,"iceandfire:silver_nugget":10,"iceandfire:raw_silver":16,"minecraft:crimson_roots":1,"minecraft:charcoal":25,"minecraft:crafting_table":13,"minecraft:chicken":1,"minecraft:nether_wart":1,"minecraft:clay_ball":869,"minecraft:brown_mushroom":27,"minecraft:chain":3,"minecraft:oak_trapdoor":1,"minecraft:moss_carpet":6,"born_in_chaos_v1:intoxicating_decoction":1,"minecraft:blackstone":14,"iceandfire:graveyard_soil":1,"minecraft:cracked_stone_bricks":2,"minecraft:candle":4,"minecraft:beef":14,"minecraft:poppy":3,"minecraft:light_gray_wool":1,"minecraft:sugar_cane":8,"minecraft:chest":16,"minecraft:birch_sapling":6,"minecraft:dark_oak_sapling":20,"minecraft:raw_iron":130,"minecraft:fire_charge":3,"quark:birch_chest":1,"minecraft:redstone":10,"minecraft:iron_horse_armor":1,"minecraft:dark_oak_planks":1,"minecraft:tnt":9,"iceandfire:silver_ingot":10,"minecraft:arrow":31,"minecraft:weeping_vines":59,"minecraft:nether_bricks":2,"alexscaves:spelunkery_table":2,"minecraft:saddle":1,"minecraft:gold_ingot":94,"minecraft:polished_blackstone":4,"minecraft:mutton":3,"minecraft:skeleton_skull":7,"minecraft:white_wool":4,"born_in_chaos_v1:corpse_maggot":4,"supplementaries:lapis_bricks":1,"minecraft:crimson_stem":42,"minecraft:leather":13,"minecraft:red_mushroom":114,"minecraft:birch_planks":8,"iceandfire:ectoplasm":14,"minecraft:yellow_bed":1,"minecraft:nether_wart_block":119,"minecraft:gunpowder":10,"minecraft:cooked_mutton":4,"minecraft:apple":16,"minecraft:stone_bricks":4,"minecraft:iron_ingot":16,"born_in_chaos_v1:chipped_black_argillite_brick":1,"minecraft:cobweb":12,"minecraft:iron_sword":2,"minecraft:book":12,"iceandfire:copper_nugget":14,"minecraft:pumpkin":16,"minecraft:quartz":28,"minecraft:gravel":38,"minecraft:blast_furnace":2,"minecraft:white_bed":3,"travelersbackpack:standard":9,"minecraft:slime_ball":7,"minecraft:stone_axe":1,"minecraft:chainmail_leggings":1,"minecraft:iron_helmet":2,"minecraft:gray_wool":1,"domesticationinnovation:drum":2,"minecraft:coal":71,"minecraft:sunflower":15}},"DataVersion":3465}