{"stats":{"minecraft:picked_up":{"iceandfire:dragon_skull_lightning":2,"minecraft:crafting_table":4,"minecraft:wheat":28,"minecraft:andesite":1,"alexsmobs:acacia_blossom":4,"minecraft:oak_log":11,"minecraft:amethyst_block":4,"minecraft:dirt":10,"minecraft:bone":5,"minecraft:acacia_planks":1,"minecraft:wheat_seeds":69,"minecraft:spruce_planks":1,"minecraft:calcite":3,"minecraft:acacia_sapling":7,"minecraft:raw_iron":4,"minecraft:smooth_basalt":3,"minecraft:stick":5,"iceandfire:copper_nugget":50,"iceandfire:dragonbone":27,"minecraft:torch":55,"minecraft:acacia_log":26,"quark:blossom_log":43,"minecraft:arrow":4,"quark:acacia_chest":1,"quark:orange_blossom_sapling":6,"minecraft:hay_block":14,"minecraft:granite":2,"minecraft:oak_sapling":4,"minecraft:coal":64,"minecraft:cobblestone":111},"minecraft:killed":{"minecraft:skeleton":4},"minecraft:killed_by":{"minecraft:skeleton":1},"minecraft:mined":{"iceandfire:copper_pile":6,"minecraft:crafting_table":4,"minecraft:torch":3,"minecraft:granite":1,"minecraft:grass_block":8,"minecraft:calcite":3,"minecraft:tall_grass":19,"minecraft:cobblestone":2,"quark:acacia_chest":1,"minecraft:amethyst_block":4,"minecraft:spawner":4,"minecraft:hay_block":14,"minecraft:iron_ore":4,"minecraft:andesite":1,"treechop:chopped_log":7,"minecraft:grass":157,"minecraft:coal_ore":65,"minecraft:dirt":2,"minecraft:smooth_basalt":3,"minecraft:acacia_planks":1,"born_in_chaos_v1:infernal_evil_pumpkin_s":1,"minecraft:stone":101},"minecraft:broken":{"minecraft:stone_pickaxe":1},"minecraft:custom":{"minecraft:mob_kills":4,"minecraft:interact_with_crafting_table":12,"minecraft:open_barrel":10,"minecraft:damage_dealt_resisted":3,"minecraft:leave_game":9,"minecraft:time_since_death":8309,"minecraft:sleep_in_bed":2,"minecraft:climb_one_cm":141,"minecraft:time_since_rest":8338,"minecraft:sprint_one_cm":157052,"minecraft:damage_taken":1944,"minecraft:walk_one_cm":111548,"minecraft:drop":6,"minecraft:damage_dealt":1767,"minecraft:swim_one_cm":315,"minecraft:fly_one_cm":166542,"minecraft:open_chest":15,"minecraft:crouch_one_cm":3220,"minecraft:play_time":53826,"minecraft:deaths":5,"minecraft:sneak_time":757,"minecraft:walk_under_water_one_cm":3067,"minecraft:jump":738,"minecraft:walk_on_water_one_cm":11925,"minecraft:total_world_time":53826,"minecraft:fall_one_cm":20002},"minecraft:used":{"minecraft:stone_pickaxe":139,"minecraft:wooden_pickaxe":20,"minecraft:stone_hoe":14,"simpletomb:grave_key":49,"minecraft:torch":55,"minecraft:dirt":1,"minecraft:crafting_table":5,"quark:acacia_chest":2,"minecraft:wooden_axe":6,"minecraft:diamond_pickaxe":41,"minecraft:bread":17,"minecraft:stone_axe":76,"minecraft:diamond_sword":19,"minecraft:cobblestone":17,"minecraft:acacia_planks":1},"minecraft:crafted":{"minecraft:oak_planks":20,"minecraft:diamond_sword":2,"minecraft:crafting_table":1,"minecraft:wooden_pickaxe":1,"minecraft:stone_axe":2,"minecraft:bread":51,"quark:acacia_chest":4,"minecraft:diamond_pickaxe":2,"minecraft:stick":40,"minecraft:stone_pickaxe":3,"minecraft:wooden_axe":1,"minecraft:acacia_planks":44,"minecraft:stone_hoe":1,"minecraft:wheat":126},"minecraft:dropped":{"minecraft:stone_axe":1,"minecraft:cobblestone":9,"minecraft:diamond_sword":1,"minecraft:diamond_pickaxe":1,"minecraft:stone_pickaxe":1}},"DataVersion":3465}