{"stats":{"minecraft:custom":{"minecraft:interact_with_anvil":3,"minecraft:mob_kills":57,"minecraft:interact_with_crafting_table":41,"minecraft:open_barrel":2,"minecraft:interact_with_campfire":5,"minecraft:bell_ring":1,"minecraft:damage_dealt_resisted":20,"minecraft:leave_game":12,"minecraft:time_since_death":11446,"minecraft:climb_one_cm":7866,"minecraft:sprint_one_cm":495875,"minecraft:walk_one_cm":438486,"minecraft:drop":3,"minecraft:talked_to_villager":2,"minecraft:play_time":225669,"minecraft:deaths":18,"minecraft:sneak_time":2216,"minecraft:walk_under_water_one_cm":15955,"minecraft:boat_one_cm":42914,"minecraft:jump":2584,"minecraft:interact_with_blast_furnace":1,"minecraft:walk_on_water_one_cm":29469,"minecraft:total_world_time":225669,"minecraft:interact_with_furnace":19,"minecraft:sleep_in_bed":4,"minecraft:time_since_rest":3128,"minecraft:waystone_activated":1,"minecraft:damage_taken":10804,"minecraft:trigger_trapped_chest":3,"minecraft:damage_dealt":7890,"minecraft:swim_one_cm":35835,"minecraft:fly_one_cm":433957,"minecraft:player_kills":1,"minecraft:open_chest":140,"minecraft:crouch_one_cm":5655,"minecraft:fall_one_cm":74019},"minecraft:used":{"quark:birch_chest":1,"minecraft:stone_sword":8,"minecraft:flint_and_steel":2,"minecraft:stone_shovel":455,"minecraft:chest":4,"minecraft:iron_sword":19,"minecraft:netherrack":4,"simpletomb:grave_key":43,"minecraft:torch":73,"minecraft:dirt":2,"minecraft:anvil":1,"iceandfire:copper_sword":209,"minecraft:nether_bricks":2,"born_in_chaos_v1:corpse_maggot":1,"minecraft:dark_oak_planks":4,"minecraft:lava_bucket":6,"minecraft:iron_axe":63,"minecraft:iron_helmet":1,"minecraft:bow":3,"minecraft:furnace":2,"minecraft:cooked_beef":34,"minecraft:water_bucket":7,"supplementaries:lapis_bricks":2,"minecraft:birch_planks":8,"quark:nether_brick_trapped_chest":1,"minecraft:stone_pickaxe":255,"minecraft:wooden_pickaxe":16,"minecraft:crafting_table":3,"minecraft:mushroom_stew":8,"minecraft:white_bed":3,"justhammers:iron_hammer":165,"minecraft:apple":3,"minecraft:dark_oak_log":1,"minecraft:bread":23,"minecraft:iron_pickaxe":375,"minecraft:stone_axe":148,"quark:dark_oak_chest":4,"minecraft:cobblestone":14,"travelersbackpack:standard":8,"minecraft:cooked_porkchop":3,"minecraft:andesite":1,"minecraft:bucket":13,"minecraft:yellow_bed":1},"minecraft:dropped":{"supplementaries:ash":3,"minecraft:skeleton_skull":1,"minecraft:charcoal":26},"minecraft:mined":{"minecraft:dark_oak_planks":1,"minecraft:nether_gold_ore":3,"alexscaves:spelunkery_table":1,"minecraft:white_bed":3,"iceandfire:silver_ore":4,"minecraft:candle":1,"iceandfire:copper_pile":2,"minecraft:dark_oak_log":1,"minecraft:brewing_stand":1,"minecraft:chiseled_polished_blackstone":1,"minecraft:nether_bricks":2,"minecraft:granite":3,"minecraft:chiseled_bookshelf":1,"minecraft:grass_block":9,"minecraft:weeping_vines":10,"minecraft:cracked_polished_blackstone_bricks":1,"minecraft:coal_block":2,"minecraft:moss_block":2,"minecraft:red_mushroom":5,"minecraft:weeping_vines_plant":88,"minecraft:oak_trapdoor":1,"minecraft:furnace":1,"minecraft:iron_ore":59,"minecraft:fire":2,"minecraft:andesite":9,"minecraft:pumpkin":16,"treechop:chopped_log":17,"minecraft:anvil":1,"minecraft:brown_bed":1,"minecraft:bookshelf":2,"iceandfire:gold_pile":48,"minecraft:vine":4,"minecraft:stone":196,"quark:nether_brick_trapped_chest":1,"minecraft:flowering_azalea":1,"minecraft:brown_mushroom":4,"minecraft:blackstone":12,"minecraft:crimson_nylium":1,"travelersbackpack:standard":6,"minecraft:clay":216,"minecraft:crafting_table":13,"minecraft:torch":11,"minecraft:blast_furnace":1,"minecraft:poppy":1,"iceandfire:ghost_chest":4,"minecraft:chest":10,"minecraft:rose_bush":4,"minecraft:campfire":2,"minecraft:tall_grass":1,"minecraft:nether_quartz_ore":18,"minecraft:cobblestone":3,"minecraft:lapis_ore":7,"minecraft:sugar_cane":3,"minecraft:diorite":23,"minecraft:wall_torch":27,"supplementaries:urn":2,"minecraft:skeleton_skull":2,"minecraft:birch_planks":8,"minecraft:nether_wart_block":1,"minecraft:tnt":9,"minecraft:yellow_bed":1,"supplementaries:lapis_bricks":1,"minecraft:grass":27,"quark:birch_chest":1,"minecraft:coal_ore":50,"iceandfire:silver_pile":3,"minecraft:sunflower":15,"minecraft:gravel":50,"minecraft:sand":162,"minecraft:dirt":31,"minecraft:cracked_stone_bricks":2,"minecraft:polished_blackstone":4,"minecraft:stone_bricks":2,"minecraft:netherrack":112,"minecraft:deepslate":1,"minecraft:oak_leaves":3},"minecraft:crafted":{"minecraft:stone_shovel":5,"minecraft:furnace":2,"minecraft:mushroom_stew":10,"supplementaries:lapis_bricks":1,"minecraft:flint_and_steel":1,"quark:dark_oak_chest":10,"minecraft:glass":36,"travelersbackpack:white_sleeping_bag":1,"minecraft:stone_pickaxe":4,"minecraft:dark_oak_planks":344,"minecraft:stone_hoe":1,"minecraft:crafting_table":2,"travelersbackpack:backpack_tank":2,"minecraft:wooden_pickaxe":1,"travelersbackpack:standard":1,"minecraft:bowl":4,"minecraft:bucket":1,"minecraft:birch_planks":40,"minecraft:stone_axe":2,"minecraft:air":0,"justhammers:iron_hammer":2,"minecraft:charcoal":26,"minecraft:shield":1,"minecraft:stick":56,"minecraft:iron_ingot":15,"minecraft:iron_pickaxe":1,"minecraft:stone_sword":1,"minecraft:gold_ingot":71,"minecraft:torch":32,"minecraft:shears":1},"minecraft:broken":{"minecraft:stone_pickaxe":1,"minecraft:stone_axe":1,"minecraft:iron_pickaxe":1,"minecraft:stone_shovel":3},"minecraft:killed":{"alexsmobs:raccoon":3,"minecraft:spider":1,"minecraft:slime":3,"born_in_chaos_v1:firelight":1,"born_in_chaos_v1:maggot":1,"minecraft:skeleton":8,"minecraft:chicken":1,"alexsmobs:bison":1,"born_in_chaos_v1:firelight_not_despawn":3,"minecraft:pig":1,"born_in_chaos_v1:baby_skeleton":1,"minecraft:iron_golem":1,"minecraft:creeper":1,"minecraft:sheep":3,"born_in_chaos_v1:bloody_gadfly":1,"minecraft:zombie":5,"iceandfire:ghost":1,"minecraft:stray":1,"minecraft:cow":14},"minecraft:picked_up":{"cataclysm:void_scatter_arrow":1,"minecraft:charcoal":25,"minecraft:iron_chestplate":1,"minecraft:crafting_table":13,"minecraft:nether_wart":1,"iceandfire:copper_sword":2,"minecraft:chicken":1,"minecraft:anvil":1,"minecraft:clay_ball":869,"minecraft:brown_mushroom":27,"minecraft:wither_rose":1,"minecraft:brown_bed":1,"minecraft:enchanted_book":1,"minecraft:potion":2,"minecraft:chain":3,"minecraft:brewing_stand":1,"minecraft:golden_sword":1,"iceandfire:manuscript":9,"minecraft:string":1,"minecraft:oak_trapdoor":1,"minecraft:moss_carpet":6,"minecraft:raw_copper":4,"minecraft:iron_leggings":1,"born_in_chaos_v1:intoxicating_decoction":1,"minecraft:blackstone":14,"minecraft:shroomlight":7,"iceandfire:graveyard_soil":1,"minecraft:cracked_stone_bricks":2,"minecraft:cobbled_deepslate":1349,"minecraft:candle":2,"minecraft:gold_nugget":706,"minecraft:beef":6,"minecraft:rose_bush":4,"minecraft:iron_pickaxe":4,"minecraft:poppy":3,"minecraft:light_gray_wool":1,"minecraft:coal_block":2,"minecraft:sugar_cane":8,"minecraft:chest":10,"minecraft:birch_sapling":6,"minecraft:iron_boots":1,"minecraft:furnace":1,"minecraft:dark_oak_sapling":20,"minecraft:stick":15,"minecraft:raw_iron":80,"iceandfire:ghost_chest":4,"minecraft:torch":41,"minecraft:fire_charge":3,"minecraft:porkchop":3,"quark:birch_chest":1,"minecraft:diorite":34,"minecraft:redstone":10,"minecraft:iron_horse_armor":1,"minecraft:dark_oak_planks":1,"minecraft:tnt":9,"minecraft:stone_sword":1,"minecraft:weeping_vines":59,"minecraft:rotten_flesh":47,"iceandfire:silver_ingot":5,"minecraft:arrow":26,"minecraft:nether_bricks":2,"supplementaries:antique_ink":1,"alexscaves:spelunkery_table":1,"minecraft:saddle":1,"minecraft:polished_blackstone":4,"minecraft:gold_ingot":30,"supplementaries:ash":16,"minecraft:obsidian":6,"minecraft:mutton":3,"minecraft:iron_bars":4,"minecraft:skeleton_skull":7,"minecraft:white_wool":4,"minecraft:cobblestone":235,"minecraft:birch_log":10,"born_in_chaos_v1:corpse_maggot":4,"minecraft:magma_block":5,"supplementaries:lapis_bricks":1,"minecraft:cooked_beef":33,"minecraft:crimson_stem":42,"minecraft:water_bucket":1,"minecraft:andesite":9,"minecraft:leather":13,"minecraft:red_mushroom":114,"minecraft:birch_planks":8,"minecraft:flint":19,"minecraft:tuff":19,"born_in_chaos_v1:black_argillite_button":1,"iceandfire:ectoplasm":14,"minecraft:yellow_bed":1,"minecraft:nether_wart_block":119,"minecraft:gunpowder":10,"minecraft:lapis_lazuli":89,"minecraft:dirt":58,"minecraft:cooked_mutton":4,"minecraft:bone":51,"supplementaries:cartographers_quill":1,"minecraft:apple":6,"minecraft:stone_bricks":2,"minecraft:bow":1,"minecraft:wheat_seeds":3,"minecraft:raw_gold":17,"minecraft:iron_ingot":16,"born_in_chaos_v1:chipped_black_argillite_brick":1,"minecraft:cobweb":12,"minecraft:iron_sword":2,"minecraft:book":6,"iceandfire:copper_nugget":14,"minecraft:chiseled_polished_blackstone":1,"minecraft:cooked_porkchop":3,"minecraft:pumpkin":16,"quark:nether_brick_trapped_chest":1,"minecraft:quartz":28,"minecraft:gravel":38,"justhammers:iron_hammer":2,"minecraft:sand":160,"minecraft:blast_furnace":1,"minecraft:white_bed":3,"minecraft:dark_oak_log":152,"travelersbackpack:standard":6,"minecraft:slime_ball":3,"born_in_chaos_v1:fire_dust":15,"artifacts:crystal_heart":1,"minecraft:stone_axe":1,"minecraft:chainmail_leggings":1,"minecraft:iron_helmet":2,"minecraft:cracked_polished_blackstone_bricks":1,"minecraft:granite":6,"minecraft:gray_wool":1,"minecraft:emerald":6,"minecraft:bread":22,"minecraft:oak_sapling":7,"minecraft:netherrack":116,"minecraft:coal":66,"iceandfire:silver_nugget":10,"minecraft:crimson_roots":1,"iceandfire:raw_silver":8,"minecraft:sunflower":15}},"DataVersion":3465}