{"stats":{"minecraft:custom":{"minecraft:interact_with_furnace":2,"minecraft:mob_kills":21,"minecraft:interact_with_crafting_table":25,"minecraft:interact_with_campfire":5,"minecraft:leave_game":11,"minecraft:time_since_death":2216,"minecraft:sleep_in_bed":3,"minecraft:waystone_activated":1,"minecraft:time_since_rest":2239,"minecraft:sprint_one_cm":241692,"minecraft:damage_taken":5111,"minecraft:walk_one_cm":181185,"minecraft:trigger_trapped_chest":1,"minecraft:drop":2,"minecraft:damage_dealt":2717,"minecraft:talked_to_villager":2,"minecraft:swim_one_cm":11037,"minecraft:fly_one_cm":210699,"minecraft:player_kills":1,"minecraft:open_chest":67,"minecraft:crouch_one_cm":810,"minecraft:play_time":100447,"minecraft:deaths":10,"minecraft:sneak_time":556,"minecraft:walk_under_water_one_cm":6647,"minecraft:boat_one_cm":42914,"minecraft:jump":1183,"minecraft:walk_on_water_one_cm":16601,"minecraft:total_world_time":100447,"minecraft:fall_one_cm":36104},"minecraft:used":{"minecraft:stone_sword":8,"minecraft:birch_planks":8,"minecraft:stone_shovel":267,"minecraft:stone_pickaxe":223,"minecraft:wooden_pickaxe":16,"simpletomb:grave_key":32,"minecraft:torch":7,"iceandfire:copper_sword":54,"minecraft:crafting_table":2,"minecraft:mushroom_stew":8,"minecraft:white_bed":1,"minecraft:dark_oak_planks":4,"minecraft:apple":3,"minecraft:dark_oak_log":1,"minecraft:bread":16,"minecraft:stone_axe":114,"quark:dark_oak_chest":4,"minecraft:cobblestone":6,"minecraft:furnace":1,"minecraft:cooked_porkchop":3,"minecraft:andesite":1,"minecraft:yellow_bed":1,"minecraft:cooked_beef":4},"minecraft:dropped":{"minecraft:skeleton_skull":1,"minecraft:charcoal":26},"minecraft:mined":{"minecraft:dark_oak_planks":1,"minecraft:white_bed":1,"minecraft:flowering_azalea":1,"minecraft:brown_mushroom":4,"iceandfire:silver_ore":1,"iceandfire:copper_pile":2,"minecraft:dark_oak_log":1,"minecraft:brewing_stand":1,"minecraft:clay":216,"minecraft:crafting_table":2,"minecraft:torch":2,"minecraft:granite":3,"minecraft:grass_block":5,"minecraft:poppy":1,"iceandfire:ghost_chest":1,"minecraft:chest":1,"minecraft:campfire":2,"minecraft:moss_block":2,"minecraft:red_mushroom":5,"minecraft:diorite":16,"minecraft:wall_torch":5,"minecraft:skeleton_skull":2,"minecraft:birch_planks":8,"minecraft:furnace":1,"minecraft:iron_ore":15,"minecraft:fire":1,"minecraft:andesite":7,"treechop:chopped_log":15,"minecraft:yellow_bed":1,"minecraft:grass":12,"iceandfire:gold_pile":3,"minecraft:coal_ore":27,"iceandfire:silver_pile":3,"minecraft:vine":2,"minecraft:sand":36,"minecraft:dirt":23,"minecraft:cracked_stone_bricks":1,"minecraft:stone_bricks":1,"minecraft:stone":147,"minecraft:oak_leaves":3},"minecraft:crafted":{"minecraft:stone_shovel":3,"minecraft:crafting_table":2,"minecraft:wooden_pickaxe":1,"minecraft:furnace":1,"minecraft:bowl":4,"minecraft:mushroom_stew":10,"minecraft:birch_planks":20,"minecraft:stone_axe":2,"minecraft:air":0,"quark:dark_oak_chest":10,"travelersbackpack:white_sleeping_bag":1,"minecraft:charcoal":26,"minecraft:shield":1,"minecraft:stick":24,"minecraft:stone_pickaxe":4,"minecraft:stone_sword":1,"minecraft:torch":8,"minecraft:dark_oak_planks":260,"minecraft:stone_hoe":1,"minecraft:shears":1},"minecraft:killed":{"minecraft:pig":1,"alexsmobs:raccoon":1,"minecraft:iron_golem":1,"minecraft:sheep":3,"minecraft:zombie":1,"born_in_chaos_v1:firelight_not_despawn":3,"minecraft:cow":7},"minecraft:broken":{"minecraft:stone_pickaxe":1,"minecraft:stone_shovel":2},"minecraft:picked_up":{"minecraft:birch_log":10,"born_in_chaos_v1:corpse_maggot":3,"minecraft:charcoal":25,"minecraft:magma_block":5,"minecraft:crafting_table":2,"minecraft:cooked_beef":11,"iceandfire:copper_sword":2,"minecraft:clay_ball":869,"minecraft:andesite":7,"minecraft:leather":7,"minecraft:brown_mushroom":26,"minecraft:red_mushroom":114,"minecraft:potion":2,"minecraft:birch_planks":8,"iceandfire:ectoplasm":5,"born_in_chaos_v1:black_argillite_button":1,"minecraft:brewing_stand":1,"minecraft:yellow_bed":1,"iceandfire:manuscript":4,"minecraft:dirt":46,"minecraft:moss_carpet":6,"minecraft:cooked_mutton":4,"born_in_chaos_v1:intoxicating_decoction":1,"minecraft:bone":5,"minecraft:apple":3,"minecraft:stone_bricks":1,"minecraft:cracked_stone_bricks":1,"minecraft:gold_nugget":18,"minecraft:wheat_seeds":2,"minecraft:iron_ingot":5,"minecraft:beef":5,"born_in_chaos_v1:chipped_black_argillite_brick":1,"minecraft:cobweb":6,"minecraft:poppy":3,"minecraft:light_gray_wool":1,"minecraft:chest":1,"minecraft:birch_sapling":6,"iceandfire:ghost_chest":1,"minecraft:furnace":1,"iceandfire:copper_nugget":14,"minecraft:dark_oak_sapling":20,"minecraft:stick":15,"minecraft:raw_iron":15,"minecraft:cooked_porkchop":3,"minecraft:torch":7,"minecraft:porkchop":3,"minecraft:sand":36,"minecraft:diorite":16,"minecraft:white_bed":1,"minecraft:dark_oak_log":152,"minecraft:dark_oak_planks":1,"iceandfire:silver_ingot":3,"minecraft:arrow":1,"minecraft:rotten_flesh":24,"born_in_chaos_v1:fire_dust":13,"minecraft:granite":3,"minecraft:gold_ingot":1,"minecraft:gray_wool":1,"minecraft:bread":14,"supplementaries:ash":5,"minecraft:oak_sapling":2,"minecraft:white_wool":4,"iceandfire:silver_nugget":10,"minecraft:mutton":3,"minecraft:coal":33,"minecraft:skeleton_skull":4,"iceandfire:raw_silver":1,"minecraft:cobblestone":147}},"DataVersion":3465}