{"stats":{"minecraft:picked_up":{"iceandfire:dragon_skull_lightning":2,"minecraft:wheat":28,"minecraft:stick":5,"minecraft:crafting_table":3,"iceandfire:copper_nugget":50,"iceandfire:dragonbone":27,"minecraft:andesite":1,"alexsmobs:acacia_blossom":4,"minecraft:torch":54,"minecraft:acacia_log":26,"quark:blossom_log":43,"minecraft:oak_log":11,"minecraft:dirt":10,"minecraft:acacia_planks":1,"quark:orange_blossom_sapling":6,"minecraft:wheat_seeds":68,"quark:acacia_chest":1,"minecraft:hay_block":14,"minecraft:granite":1,"minecraft:oak_sapling":4,"minecraft:coal":45,"minecraft:acacia_sapling":7,"minecraft:cobblestone":72},"minecraft:killed_by":{"minecraft:skeleton":1},"minecraft:mined":{"minecraft:hay_block":14,"iceandfire:copper_pile":6,"minecraft:andesite":1,"treechop:chopped_log":7,"minecraft:crafting_table":3,"minecraft:grass":156,"minecraft:grass_block":8,"minecraft:coal_ore":44,"minecraft:dirt":2,"minecraft:tall_grass":19,"minecraft:cobblestone":1,"quark:acacia_chest":1,"minecraft:acacia_planks":1,"minecraft:stone":63,"born_in_chaos_v1:infernal_evil_pumpkin_s":1},"minecraft:custom":{"minecraft:time_since_rest":14522,"minecraft:sprint_one_cm":121485,"minecraft:damage_taken":1170,"minecraft:walk_one_cm":83647,"minecraft:drop":4,"minecraft:damage_dealt":308,"minecraft:interact_with_crafting_table":9,"minecraft:fly_one_cm":149002,"minecraft:open_chest":12,"minecraft:crouch_one_cm":2221,"minecraft:play_time":41826,"minecraft:deaths":4,"minecraft:sneak_time":551,"minecraft:walk_under_water_one_cm":250,"minecraft:damage_dealt_resisted":3,"minecraft:jump":634,"minecraft:leave_game":9,"minecraft:time_since_death":29943,"minecraft:walk_on_water_one_cm":1641,"minecraft:sleep_in_bed":2,"minecraft:climb_one_cm":141,"minecraft:total_world_time":41826,"minecraft:fall_one_cm":17625},"minecraft:used":{"minecraft:wooden_axe":6,"minecraft:bread":6,"minecraft:stone_pickaxe":98,"minecraft:wooden_pickaxe":20,"minecraft:stone_hoe":14,"simpletomb:grave_key":48,"minecraft:stone_axe":67,"minecraft:torch":12,"minecraft:dirt":1,"minecraft:cobblestone":5,"minecraft:crafting_table":3,"quark:acacia_chest":2,"minecraft:acacia_planks":1},"minecraft:crafted":{"minecraft:oak_planks":20,"quark:acacia_chest":4,"minecraft:crafting_table":1,"minecraft:stick":40,"minecraft:wooden_pickaxe":1,"minecraft:stone_pickaxe":2,"minecraft:wooden_axe":1,"minecraft:acacia_planks":44,"minecraft:stone_hoe":1,"minecraft:stone_axe":2,"minecraft:bread":51,"minecraft:wheat":126},"minecraft:dropped":{"minecraft:stone_axe":1,"minecraft:cobblestone":9,"minecraft:stone_pickaxe":1}},"DataVersion":3465}