{"stats":{"minecraft:killed":{"born_in_chaos_v1:restless_spirit":1,"minecraft:spider":1,"born_in_chaos_v1:decrepit_skeleton":1,"minecraft:skeleton":4,"minecraft:sheep":3,"minecraft:zombie":4,"alexsmobs:crow":1},"minecraft:mined":{"minecraft:white_bed":1,"minecraft:brown_mushroom":1,"iceandfire:silver_ore":3,"quark:oak_chest":1,"minecraft:dandelion":5,"minecraft:cornflower":1,"minecraft:crafting_table":2,"iceandfire:dragon_ice_spikes":3,"minecraft:granite":8,"iceandfire:frozen_stone":4,"minecraft:grass_block":3,"minecraft:poppy":1,"mysticaloaktree:wise_oak":1,"minecraft:cobblestone":4,"minecraft:copper_ore":19,"minecraft:tall_grass":66,"minecraft:sugar_cane":7,"minecraft:oxeye_daisy":2,"minecraft:diorite":2,"minecraft:wall_torch":3,"minecraft:hay_block":12,"minecraft:iron_ore":12,"minecraft:spruce_log":4,"treechop:chopped_log":10,"minecraft:andesite":9,"born_in_chaos_v1:river_mint":4,"minecraft:pumpkin":12,"minecraft:grass":248,"quark:sturdy_stone":1,"minecraft:coal_ore":91,"minecraft:oak_log":8,"minecraft:vine":1,"minecraft:gravel":1,"minecraft:dirt":5,"quark:vertical_blossom_planks":3,"minecraft:stone":65,"minecraft:oak_leaves":3},"minecraft:used":{"quark:sturdy_stone":1,"minecraft:stone_pickaxe":123,"quark:vertical_blossom_planks":3,"minecraft:wooden_pickaxe":17,"minecraft:stone_hoe":14,"minecraft:torch":36,"minecraft:dirt":1,"minecraft:crafting_table":4,"minecraft:white_bed":2,"minecraft:smoker":1,"minecraft:oak_log":3,"minecraft:apple":1,"quark:spruce_chest":2,"minecraft:bread":4,"minecraft:iron_pickaxe":83,"minecraft:gravel":2,"minecraft:stone_axe":190,"minecraft:cobblestone":10,"minecraft:furnace":1,"quark:blossom_ladder":22,"quark:oak_chest":5},"minecraft:picked_up":{"minecraft:crafting_table":3,"born_in_chaos_v1:river_mint":4,"minecraft:andesite":8,"minecraft:brown_mushroom":2,"minecraft:wooden_pickaxe":1,"minecraft:red_mushroom":1,"minecraft:flint":2,"minecraft:oak_log":34,"iceandfire:ectoplasm":3,"minecraft:gunpowder":3,"minecraft:horn_coral":1,"iceandfire:manuscript":4,"minecraft:cornflower":1,"minecraft:string":2,"minecraft:dirt":15,"iceandfire:frozen_stone":4,"minecraft:raw_copper":63,"locallooks:magic_mirror":1,"minecraft:bone":9,"minecraft:apple":6,"minecraft:wheat_seeds":28,"alexsmobs:cockroach_wing_fragment":2,"minecraft:spruce_planks":1,"quark:blossom_ladder":34,"minecraft:stone_pickaxe":3,"minecraft:cobweb":4,"minecraft:poppy":1,"minecraft:sugar_cane":46,"quark:blue_blossom_sapling":13,"minecraft:stick":18,"minecraft:raw_iron":23,"iceandfire:dragonbone":32,"minecraft:pumpkin":24,"minecraft:torch":5,"born_in_chaos_v1:ethereal_spirit":2,"minecraft:dandelion":4,"minecraft:poisonous_potato":1,"minecraft:gravel":10,"quark:blossom_log":194,"minecraft:spruce_sapling":24,"minecraft:carrot":1,"minecraft:diorite":4,"minecraft:white_bed":1,"minecraft:spruce_log":23,"quark:oak_chest":1,"quark:blossom_planks":4,"alexsmobs:animal_dictionary":1,"iceandfire:dragon_skull_ice":2,"minecraft:rotten_flesh":8,"minecraft:arrow":6,"quark:sturdy_stone":1,"minecraft:stone_axe":3,"minecraft:hay_block":12,"minecraft:granite":17,"minecraft:oak_sapling":16,"minecraft:mutton":10,"quark:vertical_blossom_planks":3,"minecraft:coal":148,"iceandfire:raw_silver":3,"minecraft:white_wool":6,"minecraft:cobblestone":96,"minecraft:oxeye_daisy":2},"minecraft:custom":{"minecraft:interact_with_furnace":3,"minecraft:mob_kills":15,"minecraft:interact_with_crafting_table":22,"minecraft:leave_game":4,"minecraft:time_since_death":7501,"minecraft:sleep_in_bed":4,"minecraft:climb_one_cm":9160,"minecraft:waystone_activated":1,"minecraft:time_since_rest":7528,"minecraft:sprint_one_cm":220271,"minecraft:damage_taken":2840,"minecraft:walk_one_cm":139355,"minecraft:trigger_trapped_chest":1,"minecraft:damage_dealt":2505,"minecraft:swim_one_cm":16454,"minecraft:fly_one_cm":179915,"minecraft:open_chest":20,"minecraft:play_time":56664,"minecraft:crouch_one_cm":4659,"minecraft:sneak_time":1791,"minecraft:deaths":10,"minecraft:walk_under_water_one_cm":1324,"minecraft:jump":920,"minecraft:walk_on_water_one_cm":13501,"minecraft:total_world_time":56664,"minecraft:fall_one_cm":27033},"minecraft:crafted":{"minecraft:oak_planks":64,"quark:blossom_planks":264,"quark:vertical_blossom_planks":3,"minecraft:crafting_table":2,"minecraft:spruce_planks":52,"minecraft:wooden_pickaxe":1,"quark:sturdy_stone":1,"minecraft:furnace":2,"minecraft:bucket":1,"minecraft:stone_axe":2,"quark:blossom_ladder":56,"minecraft:bread":36,"minecraft:air":0,"minecraft:stick":216,"quark:oak_chest":4,"minecraft:iron_ingot":11,"minecraft:iron_pickaxe":1,"minecraft:stone_pickaxe":2,"minecraft:white_bed":1,"quark:spruce_chest":2,"minecraft:torch":140,"minecraft:stone_hoe":1,"minecraft:wheat":108,"minecraft:smoker":1},"minecraft:broken":{"minecraft:stone_axe":1}},"DataVersion":3465}