{"stats":{"minecraft:custom":{"minecraft:time_since_rest":16311,"minecraft:sprint_one_cm":113264,"minecraft:damage_taken":1900,"minecraft:walk_one_cm":58664,"minecraft:mob_kills":2,"minecraft:damage_dealt":334,"minecraft:swim_one_cm":3530,"minecraft:interact_with_crafting_table":11,"minecraft:fly_one_cm":65500,"minecraft:player_kills":1,"minecraft:open_chest":13,"minecraft:crouch_one_cm":438,"minecraft:play_time":52447,"minecraft:deaths":5,"minecraft:interact_with_campfire":5,"minecraft:sneak_time":117,"minecraft:walk_under_water_one_cm":903,"minecraft:jump":531,"minecraft:leave_game":11,"minecraft:time_since_death":16279,"minecraft:walk_on_water_one_cm":8248,"minecraft:total_world_time":52447,"minecraft:fall_one_cm":17663},"minecraft:used":{"minecraft:dark_oak_planks":4,"minecraft:apple":3,"minecraft:stone_pickaxe":123,"minecraft:stone_shovel":15,"minecraft:wooden_pickaxe":13,"simpletomb:grave_key":6,"minecraft:stone_axe":96,"minecraft:crafting_table":1,"minecraft:mushroom_stew":3,"minecraft:andesite":1},"minecraft:mined":{"minecraft:dark_oak_planks":1,"minecraft:brown_mushroom":4,"minecraft:andesite":4,"treechop:chopped_log":14,"minecraft:crafting_table":2,"minecraft:granite":3,"minecraft:grass":1,"minecraft:grass_block":4,"minecraft:coal_ore":27,"minecraft:poppy":1,"minecraft:dirt":19,"minecraft:stone":87,"minecraft:red_mushroom":5,"minecraft:diorite":12},"minecraft:crafted":{"minecraft:stone_shovel":1,"minecraft:crafting_table":1,"minecraft:wooden_pickaxe":1,"minecraft:stone_pickaxe":2,"minecraft:stone_sword":1,"minecraft:bowl":4,"minecraft:mushroom_stew":7,"minecraft:dark_oak_planks":260,"minecraft:torch":8,"minecraft:stone_axe":1},"minecraft:killed":{"minecraft:sheep":1,"minecraft:pig":1},"minecraft:picked_up":{"minecraft:birch_log":5,"minecraft:dark_oak_sapling":20,"minecraft:stick":13,"minecraft:crafting_table":2,"minecraft:cooked_porkchop":3,"minecraft:andesite":4,"minecraft:brown_mushroom":26,"minecraft:red_mushroom":114,"minecraft:porkchop":3,"minecraft:diorite":11,"minecraft:dark_oak_log":151,"minecraft:dirt":23,"minecraft:dark_oak_planks":1,"minecraft:rotten_flesh":2,"minecraft:apple":3,"minecraft:granite":2,"minecraft:gray_wool":1,"minecraft:poppy":1,"supplementaries:ash":1,"minecraft:oak_sapling":2,"minecraft:mutton":2,"minecraft:birch_sapling":4,"minecraft:coal":27,"minecraft:cobblestone":84}},"DataVersion":3465}