{"stats":{"minecraft:custom":{"minecraft:time_since_rest":18783,"minecraft:crouch_one_cm":315,"minecraft:sprint_one_cm":30176,"minecraft:play_time":28664,"minecraft:deaths":2,"minecraft:damage_taken":930,"minecraft:walk_one_cm":22367,"minecraft:sneak_time":59,"minecraft:jump":156,"minecraft:damage_dealt":94,"minecraft:leave_game":10,"minecraft:time_since_death":18759,"minecraft:total_world_time":28664,"minecraft:interact_with_crafting_table":2,"minecraft:fall_one_cm":5403,"minecraft:fly_one_cm":14825,"minecraft:player_kills":1},"minecraft:used":{"minecraft:stone_axe":22,"simpletomb:grave_key":3,"minecraft:apple":1,"minecraft:stone_pickaxe":12,"minecraft:wooden_pickaxe":13},"minecraft:mined":{"minecraft:grass":1,"minecraft:grass_block":2,"minecraft:dirt":6,"minecraft:stone":25,"minecraft:crafting_table":1,"treechop:chopped_log":4},"minecraft:crafted":{"minecraft:dark_oak_planks":260,"minecraft:stone_axe":1,"minecraft:stone_pickaxe":1,"minecraft:wooden_pickaxe":1},"minecraft:picked_up":{"minecraft:crafting_table":1,"minecraft:dark_oak_sapling":19,"minecraft:stick":9,"minecraft:rotten_flesh":2,"minecraft:apple":3,"minecraft:red_mushroom":19,"supplementaries:ash":1,"minecraft:dirt":8,"minecraft:dark_oak_log":129,"minecraft:cobblestone":25}},"DataVersion":3465}