{"stats":{"minecraft:mined":{"treechop:chopped_log":2},"minecraft:custom":{"minecraft:jump":78,"minecraft:time_since_rest":8045,"minecraft:damage_dealt":4,"minecraft:sprint_one_cm":20064,"minecraft:deaths":2,"minecraft:leave_game":3,"minecraft:play_time":17926,"minecraft:damage_taken":730,"minecraft:time_since_death":8021,"minecraft:walk_one_cm":12957,"minecraft:total_world_time":17926,"minecraft:fall_one_cm":3011,"minecraft:fly_one_cm":7341,"minecraft:player_kills":1},"minecraft:used":{"simpletomb:grave_key":3,"minecraft:apple":1},"minecraft:picked_up":{"minecraft:dark_oak_sapling":5,"minecraft:stick":2,"minecraft:rotten_flesh":2,"supplementaries:ash":1,"minecraft:apple":1,"minecraft:dark_oak_log":28,"minecraft:red_mushroom":19}},"DataVersion":3465}