{"stats":{"minecraft:picked_up":{"minecraft:stick":7,"minecraft:wheat":1,"alexsmobs:acacia_blossom":4,"minecraft:acacia_log":42,"quark:hollow_acacia_log":4,"minecraft:moss_carpet":3,"minecraft:stone_axe":1,"minecraft:wheat_seeds":5,"minecraft:hay_block":10,"minecraft:stone_pickaxe":1,"minecraft:tall_grass":1,"minecraft:acacia_sapling":4,"minecraft:skeleton_skull":1,"minecraft:cobblestone":13},"minecraft:mined":{"minecraft:skeleton_skull":1,"minecraft:hay_block":10,"quark:hollow_acacia_log":4,"minecraft:wheat":1,"treechop:chopped_log":5,"minecraft:grass":31,"minecraft:stone":5},"minecraft:custom":{"minecraft:time_since_rest":690,"minecraft:interact_with_furnace":5,"minecraft:sprint_one_cm":62887,"minecraft:damage_taken":325,"minecraft:walk_one_cm":45788,"minecraft:drop":1,"minecraft:animals_bred":2,"minecraft:damage_dealt":33,"minecraft:talked_to_villager":1,"minecraft:swim_one_cm":2347,"minecraft:interact_with_crafting_table":10,"minecraft:fly_one_cm":126202,"minecraft:open_barrel":1,"minecraft:open_chest":14,"minecraft:play_time":32186,"minecraft:sneak_time":15,"minecraft:walk_under_water_one_cm":2338,"minecraft:interact_with_brewingstand":1,"minecraft:jump":442,"minecraft:interact_with_blast_furnace":1,"minecraft:leave_game":2,"minecraft:time_since_death":32186,"minecraft:walk_on_water_one_cm":501,"minecraft:sleep_in_bed":8,"minecraft:total_world_time":32186,"minecraft:fall_one_cm":8716},"minecraft:used":{"minecraft:stone_sword":14,"minecraft:stone_pickaxe":6,"minecraft:bread":9,"minecraft:stone_axe":43,"minecraft:tall_grass":1,"minecraft:crafting_table":2,"minecraft:furnace":1,"quark:acacia_chest":1},"minecraft:dropped":{"minecraft:tall_grass":1},"minecraft:crafted":{"quark:acacia_chest":1,"minecraft:charcoal":27,"minecraft:crafting_table":2,"minecraft:stick":68,"minecraft:wooden_pickaxe":1,"minecraft:stone_pickaxe":1,"minecraft:stone_sword":1,"minecraft:furnace":1,"minecraft:acacia_planks":60,"minecraft:torch":108,"minecraft:air":0,"minecraft:bread":24,"minecraft:wheat":90}},"DataVersion":3465}