{"stats":{"minecraft:custom":{"minecraft:interact_with_crafting_table":73,"minecraft:open_barrel":64,"minecraft:bell_ring":1,"minecraft:leave_game":6,"minecraft:time_since_death":18331,"minecraft:sprint_one_cm":702528,"minecraft:damage_blocked_by_shield":1432,"minecraft:drop":190,"minecraft:talked_to_villager":6,"minecraft:play_time":324043,"minecraft:deaths":6,"minecraft:jump":6746,"minecraft:interact_with_brewingstand":1,"minecraft:walk_on_water_one_cm":36098,"minecraft:interact_with_furnace":32,"minecraft:sleep_in_bed":7,"minecraft:waystone_activated":1,"minecraft:damage_dealt":13955,"minecraft:crouch_one_cm":3845,"minecraft:interact_with_smithing_table":4,"minecraft:mob_kills":65,"minecraft:interact_with_anvil":2,"minecraft:interact_with_campfire":11,"minecraft:damage_dealt_resisted":390,"minecraft:climb_one_cm":16295,"minecraft:walk_one_cm":594671,"minecraft:sneak_time":1802,"minecraft:walk_under_water_one_cm":18031,"minecraft:boat_one_cm":20,"minecraft:interact_with_blast_furnace":11,"minecraft:total_world_time":324043,"minecraft:time_since_rest":18364,"minecraft:damage_taken":8385,"minecraft:trigger_trapped_chest":6,"minecraft:swim_one_cm":86615,"minecraft:fly_one_cm":1543907,"minecraft:open_chest":124,"minecraft:fall_one_cm":188211},"minecraft:used":{"alexsmobs:emu_egg":1,"minecraft:iron_shovel":3,"minecraft:shield":24,"minecraft:iron_sword":89,"travelersbackpack:diamond":15,"minecraft:player_head":4,"minecraft:iron_chestplate":1,"minecraft:mutton":1,"born_in_chaos_v1:soul_cutlass":63,"minecraft:tuff":6,"minecraft:birch_sapling":1,"minecraft:stone_bricks":1,"mowziesmobs:umvuthana_mask_rage":1,"minecraft:bow":7,"minecraft:dark_oak_boat":2,"minecraft:furnace":2,"minecraft:mossy_stone_bricks":1,"minecraft:diorite":2,"minecraft:damaged_anvil":1,"minecraft:stone_pickaxe":294,"minecraft:oak_planks":10,"minecraft:wooden_pickaxe":15,"minecraft:sand":2,"minecraft:blast_furnace":1,"born_in_chaos_v1:holiday_candy":16,"minecraft:redstone_torch":1,"born_in_chaos_v1:monster_flesh":1,"minecraft:bread":94,"minecraft:diamond_sword":73,"minecraft:stone_sword":91,"minecraft:stone_shovel":86,"minecraft:redstone":1,"minecraft:spruce_planks":4,"minecraft:stone_hoe":29,"simpletomb:grave_key":6,"minecraft:torch":201,"minecraft:dirt":6,"minecraft:granite":2,"mowziesmobs:wrought_helmet":1,"minecraft:dark_oak_planks":16,"alexsmobs:maggot":3,"minecraft:acacia_slab":1,"minecraft:cooked_beef":6,"minecraft:cobbled_deepslate":48,"minecraft:iron_leggings":1,"minecraft:cooked_mutton":4,"minecraft:water_bucket":25,"minecraft:iron_ore":1,"minecraft:baked_potato":53,"minecraft:brown_mushroom":2,"minecraft:cobblestone_slab":2,"justhammers:diamond_hammer":13,"minecraft:crafting_table":12,"minecraft:magenta_bed":3,"minecraft:campfire":5,"minecraft:white_bed":1,"justhammers:iron_hammer":633,"mowziesmobs:wrought_axe":139,"minecraft:oak_log":1,"minecraft:diamond_pickaxe":321,"minecraft:iron_pickaxe":248,"minecraft:stone_axe":79,"quark:dark_oak_chest":10,"minecraft:cobblestone":61,"minecraft:potion":1,"minecraft:bucket":32},"minecraft:dropped":{"minecraft:iron_sword":1,"minecraft:moss_block":1,"minecraft:golden_pickaxe":1,"minecraft:glass_bottle":1,"minecraft:cooked_porkchop":2,"minecraft:cracked_stone_bricks":1,"minecraft:red_mushroom":2,"minecraft:flint":1,"minecraft:dirt":25,"minecraft:bone_meal":1,"minecraft:iron_pickaxe":2,"minecraft:dark_oak_planks":1,"minecraft:bone":11,"minecraft:stone_axe":1,"minecraft:sugar_cane":20,"minecraft:cobbled_deepslate":2949,"minecraft:wheat":1,"minecraft:pointed_dripstone":3,"minecraft:rotten_flesh":7,"justhammers:iron_hammer":9,"quark:blossom_chest":1,"supplementaries:ash":15,"minecraft:acacia_slab":1,"minecraft:iron_bars":1,"minecraft:netherrack":8,"minecraft:water_bucket":1,"minecraft:bread":65,"minecraft:wheat_seeds":10,"minecraft:golden_helmet":1,"minecraft:mossy_cobblestone":2,"minecraft:dripstone_block":23,"minecraft:cobblestone":888,"minecraft:apple":1,"minecraft:amethyst_block":8,"minecraft:granite":123,"minecraft:magenta_bed":1,"born_in_chaos_v1:pumpkin_staff":1,"born_in_chaos_v1:black_argillite":1,"minecraft:diorite":44,"minecraft:string":1,"minecraft:smooth_basalt":32,"minecraft:moss_carpet":1,"alexsmobs:maggot":1,"minecraft:stone_sword":1,"minecraft:raw_copper":5,"minecraft:tuff":121,"born_in_chaos_v1:rotten_fish":1,"minecraft:light_gray_wool":1,"minecraft:big_dripleaf":2,"minecraft:cobblestone_slab":3,"minecraft:shield":1,"minecraft:andesite":76,"minecraft:oak_sapling":13,"minecraft:spider_eye":1,"minecraft:barrel":1,"minecraft:stone_pickaxe":4,"minecraft:calcite":27},"minecraft:mined":{"minecraft:dark_oak_planks":2,"minecraft:spruce_planks":12,"iceandfire:graveyard_soil":3,"minecraft:granite":28,"minecraft:grass_block":76,"quark:blossom_chest":1,"minecraft:iron_ore":106,"minecraft:fire":2,"minecraft:moss_carpet":1,"minecraft:cave_vines":1,"iceandfire:gold_pile":50,"minecraft:dirt_path":1,"minecraft:iron_bars":1,"minecraft:player_head":4,"minecraft:deepslate_redstone_ore":2,"minecraft:brown_mushroom":2,"minecraft:torch":1,"minecraft:dark_oak_wood":5,"minecraft:blast_furnace":1,"minecraft:chest":1,"minecraft:cobblestone":21,"minecraft:sugar_cane":3,"minecraft:oak_planks":2,"minecraft:damaged_anvil":1,"minecraft:wall_torch":9,"minecraft:skeleton_skull":1,"travelersbackpack:diamond":3,"minecraft:seagrass":1,"minecraft:magenta_bed":3,"minecraft:grass":65,"minecraft:oak_log":1,"minecraft:sand":3,"minecraft:dirt":43,"born_in_chaos_v1:infernal_evil_pumpkin_s":1,"minecraft:yellow_stained_glass":1,"minecraft:oak_leaves":3,"minecraft:deepslate":83,"iceandfire:silver_ore":2,"minecraft:mossy_cobblestone":2,"minecraft:dark_oak_leaves":1,"minecraft:deepslate_diamond_ore":10,"minecraft:dark_oak_log":15,"born_in_chaos_v1:infected_diamond_ore":1,"born_in_chaos_v1:black_argillite":3,"minecraft:acacia_slab":1,"minecraft:moss_block":1,"minecraft:hay_block":28,"minecraft:andesite":33,"treechop:chopped_log":12,"minecraft:vine":6,"minecraft:deepslate_iron_ore":3,"minecraft:stone":338,"minecraft:redstone_wall_torch":1,"minecraft:polished_granite":4,"minecraft:campfire":1,"minecraft:lectern":2,"minecraft:tall_grass":46,"minecraft:copper_ore":4,"born_in_chaos_v1:chipped_black_argillite_brick":2,"minecraft:diorite":20,"minecraft:big_dripleaf":1,"supplementaries:urn":7,"minecraft:spruce_log":1,"minecraft:coal_ore":106,"minecraft:cobweb":13,"minecraft:cracked_stone_bricks":1,"minecraft:stone_bricks":1,"minecraft:chipped_anvil":1,"minecraft:gold_ore":4,"minecraft:mossy_stone_bricks":1},"minecraft:crafted":{"minecraft:oak_planks":16,"travelersbackpack:crafting_upgrade":1,"minecraft:dark_oak_boat":1,"travelersbackpack:diamond":3,"minecraft:bow":1,"minecraft:iron_boots":1,"justhammers:diamond_hammer":1,"minecraft:stone_hoe":1,"travelersbackpack:iron_tier_upgrade":1,"minecraft:crafting_table":13,"minecraft:spruce_planks":4,"minecraft:wooden_pickaxe":1,"minecraft:campfire":5,"minecraft:iron_chestplate":1,"minecraft:shield":2,"minecraft:charcoal":85,"minecraft:stick":96,"minecraft:iron_ingot":70,"minecraft:iron_pickaxe":2,"minecraft:stone_sword":1,"minecraft:shears":1,"minecraft:stone_shovel":2,"minecraft:furnace":1,"travelersbackpack:gold_tier_upgrade":1,"travelersbackpack:blank_upgrade":4,"quark:dark_oak_chest":10,"minecraft:stone_pickaxe":4,"minecraft:dark_oak_planks":292,"minecraft:wheat":252,"minecraft:diamond_sword":1,"travelersbackpack:backpack_tank":2,"minecraft:bucket":2,"minecraft:stone_axe":1,"minecraft:bread":93,"minecraft:air":0,"justhammers:iron_hammer":9,"minecraft:iron_leggings":1,"minecraft:white_bed":1,"minecraft:torch":244},"minecraft:broken":{"minecraft:stone_pickaxe":1,"minecraft:iron_pickaxe":1},"minecraft:killed":{"minecraft:witch":1,"born_in_chaos_v1:sir_the_headless":1,"minecraft:spider":3,"minecraft:skeleton":9,"born_in_chaos_v1:firelight_not_despawn":1,"born_in_chaos_v1:diamond_termite":1,"mowziesmobs:lantern":1,"minecraft:sheep":7,"minecraft:zombie":8,"born_in_chaos_v1:dread_hound":1,"born_in_chaos_v1:corpse_fly":2,"minecraft:cow":6,"minecraft:slime":1,"born_in_chaos_v1:maggot":3,"born_in_chaos_v1:pumpkinhead":1,"mowziesmobs:ferrous_wroughtnaut":1,"alexsmobs:blue_jay":1,"minecraft:drowned":1,"born_in_chaos_v1:corpse_fish":1,"born_in_chaos_v1:barrel_zombie":2,"born_in_chaos_v1:felsteed":1,"born_in_chaos_v1:decrepit_skeleton":1,"endermanoverhaul:cave_enderman":1,"iceandfire:ghost":5,"born_in_chaos_v1:nightmare_stalker":1},"minecraft:picked_up":{"minecraft:prismarine_shard":4,"minecraft:amethyst_block":8,"born_in_chaos_v1:holiday_candy":32,"born_in_chaos_v1:black_argillite":19,"minecraft:string":14,"minecraft:raw_copper":53,"travelersbackpack:diamond":4,"minecraft:diamond_leggings":1,"minecraft:cobbled_deepslate":3421,"minecraft:gold_nugget":422,"minecraft:spruce_planks":12,"minecraft:calcite":27,"minecraft:redstone_torch":1,"minecraft:cobblestone_slab":5,"minecraft:golden_helmet":1,"minecraft:stick":43,"minecraft:big_dripleaf":2,"minecraft:torch":25,"minecraft:pointed_dripstone":3,"minecraft:diorite":81,"born_in_chaos_v1:nightmare_claw":1,"minecraft:rotten_flesh":16,"alexsmobs:emu_egg":1,"quark:blossom_chest":1,"supplementaries:ash":15,"minecraft:iron_bars":1,"minecraft:cobblestone":1014,"minecraft:cooked_beef":7,"minecraft:andesite":96,"minecraft:dark_oak_boat":1,"minecraft:tuff":257,"supplementaries:flax_seeds":2,"minecraft:magenta_bed":4,"minecraft:lapis_lazuli":96,"minecraft:dirt":118,"minecraft:polished_granite":3,"minecraft:bone":12,"minecraft:chipped_anvil":1,"minecraft:bow":2,"minecraft:wheat_seeds":19,"minecraft:raw_gold":14,"minecraft:mossy_stone_bricks":1,"minecraft:moss_block":1,"minecraft:oak_planks":25,"minecraft:cooked_porkchop":2,"minecraft:poisonous_potato":1,"justhammers:iron_hammer":1,"minecraft:sand":2,"minecraft:dark_oak_log":366,"minecraft:barrel":1,"minecraft:mossy_cobblestone":2,"minecraft:sugar":1,"born_in_chaos_v1:fire_dust":1,"minecraft:diamond":10,"minecraft:granite":180,"minecraft:bone_meal":2,"minecraft:emerald":2,"minecraft:bread":49,"alexsmobs:maggot":4,"born_in_chaos_v1:rotten_fish":1,"minecraft:oak_sapling":15,"minecraft:netherrack":8,"iceandfire:raw_silver":2,"minecraft:charcoal":28,"born_in_chaos_v1:diamond_termite_shard":1,"minecraft:golden_pickaxe":1,"minecraft:brown_mushroom":3,"mowziesmobs:glowing_jelly":1,"minecraft:moss_carpet":1,"quark:yellow_shard":3,"minecraft:cracked_stone_bricks":1,"minecraft:beef":15,"minecraft:player_head":4,"minecraft:light_gray_wool":1,"minecraft:lectern":2,"minecraft:sugar_cane":9,"minecraft:chest":1,"minecraft:birch_sapling":2,"minecraft:dark_oak_sapling":51,"minecraft:raw_iron":193,"minecraft:redstone":138,"minecraft:dark_oak_planks":2,"minecraft:arrow":7,"minecraft:hay_block":28,"minecraft:mutton":9,"minecraft:skeleton_skull":2,"minecraft:white_wool":6,"born_in_chaos_v1:monster_flesh":1,"born_in_chaos_v1:pumpkin_staff":1,"minecraft:leather":6,"minecraft:red_mushroom":2,"minecraft:oak_log":29,"iceandfire:ectoplasm":1,"mowziesmobs:wrought_axe":1,"minecraft:cooked_mutton":4,"born_in_chaos_v1:soul_cutlass":1,"minecraft:apple":6,"minecraft:stone_bricks":1,"mowziesmobs:umvuthana_mask_rage":1,"minecraft:iron_ore":175,"minecraft:smooth_basalt":32,"born_in_chaos_v1:ethereal_spirit":1,"minecraft:dandelion":1,"minecraft:dripstone_block":23,"mowziesmobs:wrought_helmet":1,"minecraft:blast_furnace":1,"minecraft:spruce_log":1,"minecraft:spider_eye":4,"minecraft:slime_ball":2,"minecraft:damaged_anvil":1,"minecraft:acacia_slab":2,"minecraft:dark_oak_wood":3,"minecraft:coal":150},"minecraft:killed_by":{"minecraft:player":1}},"DataVersion":3465}