{"stats":{"minecraft:picked_up":{"minecraft:stick":1,"minecraft:stone_axe":1,"minecraft:wheat_seeds":2,"alexsmobs:acacia_blossom":3,"minecraft:acacia_log":7,"minecraft:hay_block":8,"minecraft:stone_pickaxe":1,"minecraft:skeleton_skull":1,"minecraft:acacia_sapling":1,"minecraft:cobblestone":8},"minecraft:mined":{"minecraft:hay_block":8,"minecraft:grass":14,"treechop:chopped_log":1,"minecraft:skeleton_skull":1},"minecraft:custom":{"minecraft:open_chest":4,"minecraft:time_since_rest":4146,"minecraft:play_time":9338,"minecraft:sprint_one_cm":25284,"minecraft:damage_taken":4,"minecraft:walk_one_cm":23430,"minecraft:sneak_time":3,"minecraft:interact_with_brewingstand":1,"minecraft:jump":199,"minecraft:leave_game":1,"minecraft:time_since_death":9338,"minecraft:sleep_in_bed":5,"minecraft:total_world_time":9338,"minecraft:interact_with_crafting_table":4,"minecraft:fall_one_cm":3669,"minecraft:fly_one_cm":57169},"minecraft:used":{"minecraft:stone_sword":10,"minecraft:crafting_table":2,"minecraft:bread":2,"minecraft:stone_pickaxe":1},"minecraft:crafted":{"minecraft:stone_sword":1,"minecraft:acacia_planks":28,"minecraft:crafting_table":2,"minecraft:stick":4,"minecraft:bread":24,"minecraft:wooden_pickaxe":1,"minecraft:wheat":72}},"DataVersion":3465}