{"stats":{"minecraft:picked_up":{"minecraft:prismarine_shard":4,"minecraft:brewing_stand":1,"minecraft:amethyst_block":8,"born_in_chaos_v1:holiday_candy":32,"born_in_chaos_v1:black_argillite":19,"minecraft:string":33,"minecraft:raw_copper":77,"travelersbackpack:diamond":5,"minecraft:diamond_leggings":1,"minecraft:cobbled_deepslate":3595,"minecraft:gold_nugget":422,"minecraft:spruce_planks":12,"minecraft:redstone_torch":1,"minecraft:cobblestone_slab":5,"minecraft:calcite":27,"minecraft:tipped_arrow":1,"minecraft:golden_helmet":1,"minecraft:stick":43,"minecraft:big_dripleaf":2,"minecraft:torch":44,"minecraft:spruce_stairs":2,"minecraft:pointed_dripstone":6,"minecraft:diorite":83,"born_in_chaos_v1:nightmare_claw":1,"minecraft:rotten_flesh":21,"alexsmobs:emu_egg":1,"quark:blossom_chest":1,"supplementaries:ash":17,"minecraft:iron_bars":1,"minecraft:cobblestone":1513,"minecraft:cooked_beef":7,"minecraft:water_bucket":1,"minecraft:andesite":114,"minecraft:dark_oak_boat":1,"minecraft:tuff":266,"supplementaries:flax_seeds":3,"minecraft:magenta_bed":4,"minecraft:lapis_lazuli":214,"minecraft:dirt":118,"minecraft:polished_granite":3,"born_in_chaos_v1:monster_skin":1,"minecraft:bone":18,"minecraft:chipped_anvil":1,"minecraft:bow":2,"minecraft:wheat_seeds":19,"minecraft:raw_gold":27,"minecraft:fletching_table":1,"minecraft:mossy_stone_bricks":1,"minecraft:moss_block":1,"minecraft:oak_planks":25,"minecraft:cooked_porkchop":2,"minecraft:poisonous_potato":1,"justhammers:iron_hammer":1,"minecraft:sand":2,"minecraft:dark_oak_log":366,"minecraft:barrel":1,"minecraft:mossy_cobblestone":2,"minecraft:sugar":1,"born_in_chaos_v1:fire_dust":1,"minecraft:diamond":10,"minecraft:granite":209,"minecraft:bone_meal":2,"minecraft:bread":49,"minecraft:emerald":2,"alexsmobs:maggot":4,"minecraft:oak_sapling":15,"born_in_chaos_v1:rotten_fish":1,"minecraft:netherrack":8,"iceandfire:raw_silver":2,"minecraft:crafting_table":1,"minecraft:charcoal":28,"born_in_chaos_v1:diamond_termite_shard":1,"born_in_chaos_v1:seedof_chaos":3,"minecraft:golden_pickaxe":1,"minecraft:brown_mushroom":3,"mowziesmobs:glowing_jelly":1,"minecraft:chain":1,"minecraft:moss_carpet":1,"minecraft:iron_axe":1,"quark:yellow_shard":3,"minecraft:cracked_stone_bricks":1,"minecraft:beef":15,"minecraft:player_head":4,"minecraft:spruce_slab":5,"minecraft:light_gray_wool":1,"minecraft:lectern":2,"minecraft:sugar_cane":9,"minecraft:chest":1,"minecraft:birch_sapling":2,"minecraft:dark_oak_sapling":51,"minecraft:raw_iron":207,"born_in_chaos_v1:pieceofdarkmetal":1,"minecraft:redstone":142,"minecraft:dark_oak_planks":2,"minecraft:arrow":10,"quark:acacia_chest":1,"minecraft:hay_block":28,"minecraft:mutton":9,"minecraft:skeleton_skull":2,"minecraft:white_wool":6,"born_in_chaos_v1:monster_flesh":2,"born_in_chaos_v1:pumpkin_staff":1,"minecraft:leather":6,"minecraft:red_mushroom":2,"minecraft:oak_log":29,"iceandfire:ectoplasm":1,"minecraft:gunpowder":6,"minecraft:cobblestone_wall":1,"mowziesmobs:wrought_axe":1,"minecraft:cooked_mutton":4,"born_in_chaos_v1:soul_cutlass":1,"minecraft:apple":6,"minecraft:stone_bricks":1,"mowziesmobs:umvuthana_mask_rage":1,"minecraft:iron_ore":175,"minecraft:smooth_basalt":32,"born_in_chaos_v1:ethereal_spirit":1,"minecraft:dandelion":1,"minecraft:dripstone_block":46,"mowziesmobs:wrought_helmet":1,"minecraft:blast_furnace":3,"minecraft:spruce_log":1,"minecraft:spider_eye":8,"minecraft:slime_ball":2,"minecraft:damaged_anvil":1,"minecraft:acacia_slab":2,"minecraft:dark_oak_wood":3,"minecraft:coal":150},"minecraft:killed_by":{"minecraft:player":1},"minecraft:killed":{"minecraft:witch":1,"born_in_chaos_v1:sir_the_headless":1,"minecraft:spider":12,"minecraft:skeleton":10,"born_in_chaos_v1:firelight_not_despawn":1,"born_in_chaos_v1:diamond_termite":1,"minecraft:sheep":7,"mowziesmobs:lantern":1,"minecraft:zombie":15,"born_in_chaos_v1:dread_hound":2,"born_in_chaos_v1:corpse_fly":2,"minecraft:cow":6,"minecraft:slime":1,"born_in_chaos_v1:maggot":3,"born_in_chaos_v1:pumpkinhead":1,"mowziesmobs:ferrous_wroughtnaut":1,"alexsmobs:blue_jay":1,"minecraft:drowned":1,"born_in_chaos_v1:corpse_fish":1,"born_in_chaos_v1:barrel_zombie":2,"born_in_chaos_v1:felsteed":1,"born_in_chaos_v1:bone_imp_minion":4,"born_in_chaos_v1:baby_skeleton":1,"born_in_chaos_v1:decrepit_skeleton":1,"endermanoverhaul:cave_enderman":1,"iceandfire:ghost":5,"born_in_chaos_v1:bonescaller_not_despawn":2,"born_in_chaos_v1:nightmare_stalker":1},"minecraft:mined":{"minecraft:dark_oak_planks":2,"minecraft:spruce_planks":12,"iceandfire:graveyard_soil":3,"minecraft:brewing_stand":1,"minecraft:granite":28,"born_in_chaos_v1:dark_metal_deposit":1,"minecraft:grass_block":76,"minecraft:spawner":1,"quark:blossom_chest":1,"minecraft:cobbled_deepslate":4,"minecraft:iron_ore":113,"minecraft:fire":2,"minecraft:moss_carpet":1,"minecraft:deepslate_lapis_ore":4,"minecraft:fletching_table":1,"minecraft:cave_vines":1,"iceandfire:gold_pile":50,"minecraft:dirt_path":1,"minecraft:iron_bars":1,"minecraft:player_head":4,"minecraft:spruce_slab":6,"minecraft:deepslate_redstone_ore":3,"minecraft:brown_mushroom":2,"minecraft:torch":1,"minecraft:dark_oak_wood":5,"minecraft:blast_furnace":3,"minecraft:chest":1,"minecraft:cobblestone":23,"minecraft:sugar_cane":3,"minecraft:oak_planks":2,"minecraft:damaged_anvil":1,"minecraft:wall_torch":18,"travelersbackpack:diamond":4,"minecraft:skeleton_skull":1,"minecraft:seagrass":1,"minecraft:chain":1,"minecraft:magenta_bed":3,"minecraft:grass":65,"minecraft:oak_log":1,"minecraft:sand":7,"minecraft:dirt":52,"born_in_chaos_v1:infernal_evil_pumpkin_s":1,"minecraft:yellow_stained_glass":1,"minecraft:oak_leaves":3,"minecraft:deepslate":92,"iceandfire:silver_ore":3,"minecraft:mossy_cobblestone":2,"minecraft:dark_oak_leaves":1,"minecraft:deepslate_diamond_ore":10,"minecraft:dark_oak_log":15,"born_in_chaos_v1:infected_diamond_ore":1,"born_in_chaos_v1:black_argillite":3,"quark:acacia_chest":1,"minecraft:acacia_slab":1,"minecraft:moss_block":1,"minecraft:hay_block":28,"minecraft:andesite":38,"treechop:chopped_log":12,"minecraft:deepslate_iron_ore":4,"minecraft:vine":6,"minecraft:stone":431,"minecraft:redstone_wall_torch":1,"minecraft:polished_granite":4,"minecraft:crafting_table":1,"minecraft:lectern":2,"minecraft:campfire":1,"minecraft:tall_grass":46,"minecraft:copper_ore":4,"born_in_chaos_v1:chipped_black_argillite_brick":2,"minecraft:deepslate_gold_ore":2,"minecraft:diorite":20,"minecraft:big_dripleaf":1,"supplementaries:urn":10,"minecraft:spruce_stairs":2,"minecraft:spruce_log":1,"minecraft:coal_ore":106,"minecraft:cobweb":14,"minecraft:cracked_stone_bricks":1,"minecraft:stone_bricks":1,"minecraft:mossy_stone_bricks":1,"minecraft:chipped_anvil":1,"minecraft:gold_ore":4},"minecraft:broken":{"minecraft:stone_pickaxe":1,"minecraft:iron_pickaxe":1},"minecraft:custom":{"minecraft:interact_with_crafting_table":73,"minecraft:open_barrel":75,"minecraft:bell_ring":1,"minecraft:leave_game":7,"minecraft:time_since_death":5402,"minecraft:sprint_one_cm":833104,"minecraft:damage_blocked_by_shield":1537,"minecraft:drop":224,"minecraft:talked_to_villager":6,"minecraft:play_time":389865,"minecraft:deaths":8,"minecraft:jump":7768,"minecraft:interact_with_brewingstand":2,"minecraft:walk_on_water_one_cm":68817,"minecraft:interact_with_furnace":33,"minecraft:interact_with_loom":1,"minecraft:sleep_in_bed":10,"minecraft:waystone_activated":1,"minecraft:damage_dealt":19116,"minecraft:crouch_one_cm":5594,"minecraft:interact_with_smithing_table":4,"minecraft:mob_kills":94,"minecraft:interact_with_anvil":2,"minecraft:interact_with_campfire":11,"minecraft:damage_dealt_resisted":1103,"minecraft:climb_one_cm":16295,"minecraft:walk_one_cm":716702,"minecraft:sneak_time":2676,"minecraft:walk_under_water_one_cm":36288,"minecraft:boat_one_cm":6184,"minecraft:interact_with_blast_furnace":12,"minecraft:total_world_time":389865,"minecraft:interact_with_stonecutter":1,"minecraft:time_since_rest":5428,"minecraft:damage_taken":10547,"minecraft:trigger_trapped_chest":6,"minecraft:swim_one_cm":141793,"minecraft:fly_one_cm":1737846,"minecraft:open_chest":138,"minecraft:fall_one_cm":212496},"minecraft:used":{"alexsmobs:emu_egg":1,"minecraft:iron_shovel":3,"minecraft:spruce_slab":2,"minecraft:shield":28,"minecraft:iron_sword":89,"travelersbackpack:diamond":18,"minecraft:player_head":4,"minecraft:iron_chestplate":1,"minecraft:mutton":1,"born_in_chaos_v1:soul_cutlass":152,"minecraft:tuff":6,"minecraft:birch_sapling":1,"minecraft:stone_bricks":1,"mowziesmobs:umvuthana_mask_rage":1,"minecraft:bow":7,"minecraft:dark_oak_boat":2,"minecraft:furnace":2,"minecraft:mossy_stone_bricks":1,"minecraft:diorite":2,"minecraft:damaged_anvil":1,"minecraft:stone_pickaxe":294,"minecraft:oak_planks":10,"minecraft:wooden_pickaxe":15,"minecraft:sand":2,"minecraft:blast_furnace":1,"born_in_chaos_v1:holiday_candy":16,"minecraft:redstone_torch":1,"born_in_chaos_v1:monster_flesh":1,"minecraft:bread":94,"minecraft:diamond_sword":73,"minecraft:stone_sword":91,"minecraft:stone_shovel":86,"minecraft:redstone":1,"minecraft:spruce_planks":4,"minecraft:stone_hoe":29,"simpletomb:grave_key":8,"minecraft:torch":285,"minecraft:dirt":6,"minecraft:spruce_stairs":1,"minecraft:granite":2,"mowziesmobs:wrought_helmet":1,"minecraft:dark_oak_planks":16,"alexsmobs:maggot":3,"minecraft:acacia_slab":1,"minecraft:cooked_beef":6,"minecraft:cobbled_deepslate":54,"minecraft:iron_leggings":1,"minecraft:cooked_mutton":4,"minecraft:water_bucket":44,"minecraft:iron_ore":1,"minecraft:baked_potato":86,"minecraft:brown_mushroom":2,"minecraft:cobblestone_slab":2,"minecraft:crafting_table":12,"justhammers:diamond_hammer":45,"minecraft:magenta_bed":3,"minecraft:white_bed":1,"minecraft:campfire":5,"justhammers:iron_hammer":633,"mowziesmobs:wrought_axe":162,"minecraft:oak_log":1,"minecraft:diamond_pickaxe":456,"minecraft:diamond_shovel":12,"minecraft:iron_pickaxe":248,"minecraft:stone_axe":79,"quark:dark_oak_chest":10,"minecraft:cobblestone":65,"minecraft:potion":1,"minecraft:bucket":50},"minecraft:crafted":{"minecraft:oak_planks":16,"travelersbackpack:crafting_upgrade":1,"minecraft:dark_oak_boat":1,"travelersbackpack:diamond":3,"minecraft:bow":1,"minecraft:iron_boots":1,"justhammers:diamond_hammer":1,"minecraft:stone_hoe":1,"travelersbackpack:iron_tier_upgrade":1,"minecraft:crafting_table":13,"minecraft:spruce_planks":4,"minecraft:wooden_pickaxe":1,"minecraft:campfire":5,"minecraft:iron_chestplate":1,"minecraft:shield":2,"minecraft:charcoal":85,"minecraft:stick":96,"minecraft:iron_ingot":70,"minecraft:iron_pickaxe":2,"minecraft:stone_sword":1,"minecraft:shears":1,"minecraft:stone_shovel":2,"minecraft:furnace":1,"travelersbackpack:gold_tier_upgrade":1,"travelersbackpack:blank_upgrade":4,"quark:dark_oak_chest":10,"minecraft:stone_pickaxe":4,"minecraft:dark_oak_planks":292,"minecraft:wheat":252,"minecraft:diamond_sword":1,"travelersbackpack:backpack_tank":2,"minecraft:bucket":2,"minecraft:stone_axe":1,"minecraft:bread":93,"minecraft:air":0,"justhammers:iron_hammer":9,"minecraft:iron_leggings":1,"minecraft:white_bed":1,"minecraft:torch":244},"minecraft:dropped":{"minecraft:iron_sword":1,"minecraft:moss_block":1,"minecraft:baked_potato":1,"minecraft:golden_pickaxe":1,"minecraft:glass_bottle":1,"minecraft:cooked_porkchop":2,"minecraft:fletching_table":1,"minecraft:cracked_stone_bricks":1,"minecraft:red_mushroom":2,"minecraft:flint":1,"born_in_chaos_v1:monster_flesh":1,"minecraft:dirt":25,"quark:acacia_chest":1,"born_in_chaos_v1:monster_skin":1,"minecraft:bone_meal":1,"minecraft:iron_pickaxe":2,"minecraft:dark_oak_planks":1,"minecraft:bone":11,"minecraft:stone_axe":1,"minecraft:sugar_cane":20,"minecraft:cobbled_deepslate":3117,"minecraft:wheat":1,"minecraft:pointed_dripstone":6,"minecraft:rotten_flesh":12,"justhammers:iron_hammer":9,"quark:blossom_chest":1,"supplementaries:flax_seeds":1,"supplementaries:ash":15,"minecraft:gunpowder":6,"minecraft:acacia_slab":1,"minecraft:iron_bars":1,"minecraft:netherrack":8,"minecraft:water_bucket":2,"minecraft:bread":65,"minecraft:wheat_seeds":10,"minecraft:golden_helmet":1,"minecraft:mossy_cobblestone":2,"minecraft:dripstone_block":46,"minecraft:cobblestone":1383,"minecraft:apple":1,"minecraft:amethyst_block":8,"minecraft:granite":152,"minecraft:magenta_bed":1,"born_in_chaos_v1:pumpkin_staff":1,"born_in_chaos_v1:black_argillite":1,"minecraft:diorite":46,"minecraft:iron_axe":2,"minecraft:string":11,"minecraft:smooth_basalt":32,"minecraft:moss_carpet":1,"alexsmobs:maggot":1,"minecraft:stone_sword":1,"minecraft:cobblestone_wall":1,"minecraft:raw_copper":5,"minecraft:tuff":121,"born_in_chaos_v1:rotten_fish":1,"minecraft:light_gray_wool":1,"minecraft:big_dripleaf":2,"minecraft:cobblestone_slab":3,"minecraft:shield":1,"minecraft:andesite":94,"minecraft:oak_sapling":13,"minecraft:barrel":1,"minecraft:spider_eye":4,"minecraft:stone_pickaxe":4,"minecraft:calcite":27}},"DataVersion":3465}