{"stats":{"minecraft:custom":{"minecraft:interact_with_furnace":21,"minecraft:mob_kills":23,"minecraft:interact_with_crafting_table":29,"minecraft:interact_with_campfire":11,"minecraft:bell_ring":1,"minecraft:damage_dealt_resisted":30,"minecraft:leave_game":5,"minecraft:time_since_death":36069,"minecraft:sleep_in_bed":3,"minecraft:climb_one_cm":1557,"minecraft:waystone_activated":1,"minecraft:time_since_rest":36097,"minecraft:sprint_one_cm":248585,"minecraft:damage_taken":2971,"minecraft:walk_one_cm":176523,"minecraft:damage_blocked_by_shield":397,"minecraft:drop":25,"minecraft:damage_dealt":3158,"minecraft:swim_one_cm":6911,"minecraft:talked_to_villager":3,"minecraft:fly_one_cm":556523,"minecraft:open_chest":36,"minecraft:crouch_one_cm":406,"minecraft:play_time":104712,"minecraft:sneak_time":214,"minecraft:deaths":4,"minecraft:walk_under_water_one_cm":5346,"minecraft:boat_one_cm":20,"minecraft:interact_with_brewingstand":1,"minecraft:jump":2358,"minecraft:walk_on_water_one_cm":11471,"minecraft:total_world_time":104712,"minecraft:fall_one_cm":64449},"minecraft:used":{"minecraft:cooked_mutton":4,"minecraft:stone_sword":78,"minecraft:stone_shovel":68,"minecraft:stone_pickaxe":194,"minecraft:wooden_pickaxe":15,"minecraft:shield":7,"minecraft:stone_hoe":29,"simpletomb:grave_key":4,"minecraft:torch":27,"minecraft:dirt":5,"minecraft:sand":2,"minecraft:crafting_table":6,"minecraft:white_bed":1,"minecraft:campfire":5,"minecraft:granite":1,"alexsmobs:maggot":3,"born_in_chaos_v1:monster_flesh":1,"minecraft:bread":35,"minecraft:birch_sapling":1,"minecraft:stone_axe":65,"quark:dark_oak_chest":6,"minecraft:cobblestone":19,"minecraft:dark_oak_boat":2,"minecraft:furnace":2,"minecraft:cooked_beef":6},"minecraft:mined":{"iceandfire:silver_ore":2,"minecraft:dark_oak_leaves":1,"minecraft:dark_oak_log":13,"minecraft:granite":1,"minecraft:grass_block":65,"minecraft:campfire":1,"minecraft:tall_grass":30,"minecraft:cobblestone":4,"born_in_chaos_v1:chipped_black_argillite_brick":1,"minecraft:sugar_cane":3,"supplementaries:urn":2,"minecraft:hay_block":28,"minecraft:iron_ore":19,"minecraft:fire":2,"minecraft:andesite":1,"treechop:chopped_log":4,"minecraft:grass":39,"minecraft:coal_ore":101,"minecraft:sand":3,"minecraft:dirt":18,"minecraft:stone":61,"minecraft:oak_leaves":3},"minecraft:dropped":{"minecraft:bread":65,"minecraft:wheat_seeds":1,"minecraft:cooked_porkchop":2,"born_in_chaos_v1:rotten_fish":1,"minecraft:dirt":3,"minecraft:bone_meal":1},"minecraft:crafted":{"minecraft:oak_planks":16,"minecraft:stone_shovel":2,"minecraft:dark_oak_boat":1,"minecraft:crafting_table":6,"minecraft:wooden_pickaxe":1,"minecraft:furnace":1,"minecraft:campfire":5,"minecraft:stone_axe":1,"minecraft:bread":84,"minecraft:air":0,"quark:dark_oak_chest":6,"minecraft:charcoal":47,"minecraft:shield":1,"minecraft:stick":28,"minecraft:iron_ingot":8,"minecraft:stone_pickaxe":4,"minecraft:stone_sword":1,"minecraft:white_bed":1,"minecraft:torch":104,"minecraft:dark_oak_planks":100,"minecraft:stone_hoe":1,"minecraft:shears":1,"minecraft:wheat":252},"minecraft:killed":{"born_in_chaos_v1:barrel_zombie":1,"minecraft:spider":1,"born_in_chaos_v1:maggot":3,"minecraft:sheep":3,"alexsmobs:blue_jay":1,"minecraft:zombie":2,"iceandfire:ghost":2,"born_in_chaos_v1:dread_hound":1,"born_in_chaos_v1:corpse_fly":1,"born_in_chaos_v1:corpse_fish":1,"born_in_chaos_v1:firelight_not_despawn":1,"minecraft:cow":6},"minecraft:broken":{"minecraft:stone_pickaxe":1},"minecraft:picked_up":{"minecraft:charcoal":28,"minecraft:cooked_beef":7,"born_in_chaos_v1:monster_flesh":1,"minecraft:prismarine_shard":4,"minecraft:andesite":1,"minecraft:leather":6,"minecraft:dark_oak_boat":1,"minecraft:oak_log":4,"iceandfire:ectoplasm":1,"minecraft:lapis_lazuli":1,"minecraft:dirt":85,"minecraft:raw_copper":2,"minecraft:cooked_mutton":4,"minecraft:bone":3,"minecraft:wheat_seeds":10,"minecraft:beef":15,"minecraft:sugar_cane":9,"minecraft:birch_sapling":2,"minecraft:dark_oak_sapling":21,"minecraft:stick":19,"minecraft:raw_iron":19,"minecraft:cooked_porkchop":2,"minecraft:dandelion":1,"minecraft:poisonous_potato":1,"minecraft:sand":2,"minecraft:dark_oak_log":161,"minecraft:spider_eye":1,"minecraft:rotten_flesh":3,"minecraft:slime_ball":1,"born_in_chaos_v1:fire_dust":1,"minecraft:hay_block":28,"minecraft:granite":1,"minecraft:bone_meal":2,"minecraft:bread":49,"minecraft:emerald":2,"alexsmobs:maggot":3,"born_in_chaos_v1:rotten_fish":1,"minecraft:oak_sapling":2,"minecraft:mutton":4,"minecraft:skeleton_skull":1,"minecraft:coal":100,"minecraft:white_wool":3,"iceandfire:raw_silver":2,"minecraft:cobblestone":61},"minecraft:killed_by":{"minecraft:player":1}},"DataVersion":3465}