{"stats":{"minecraft:custom":{"minecraft:interact_with_furnace":15,"minecraft:mob_kills":11,"minecraft:interact_with_crafting_table":20,"minecraft:interact_with_campfire":11,"minecraft:leave_game":4,"minecraft:time_since_death":28401,"minecraft:sleep_in_bed":1,"minecraft:time_since_rest":13515,"minecraft:sprint_one_cm":94305,"minecraft:damage_taken":1133,"minecraft:walk_one_cm":64360,"minecraft:drop":3,"minecraft:damage_dealt":1292,"minecraft:swim_one_cm":2730,"minecraft:fly_one_cm":138457,"minecraft:open_chest":14,"minecraft:crouch_one_cm":21,"minecraft:play_time":45530,"minecraft:deaths":3,"minecraft:sneak_time":52,"minecraft:walk_under_water_one_cm":5080,"minecraft:jump":771,"minecraft:walk_on_water_one_cm":6144,"minecraft:total_world_time":45530,"minecraft:fall_one_cm":23055},"minecraft:used":{"minecraft:cooked_mutton":4,"minecraft:stone_sword":31,"minecraft:stone_pickaxe":66,"minecraft:wooden_pickaxe":15,"simpletomb:grave_key":3,"minecraft:dirt":1,"minecraft:sand":2,"minecraft:crafting_table":5,"minecraft:white_bed":1,"minecraft:campfire":5,"alexsmobs:maggot":3,"born_in_chaos_v1:monster_flesh":1,"minecraft:birch_sapling":1,"minecraft:stone_axe":65,"quark:dark_oak_chest":4,"minecraft:dark_oak_boat":1,"minecraft:furnace":1,"minecraft:cooked_beef":1},"minecraft:dropped":{"minecraft:cooked_porkchop":2,"born_in_chaos_v1:rotten_fish":1,"minecraft:bone_meal":1},"minecraft:mined":{"minecraft:dark_oak_leaves":1,"minecraft:dark_oak_log":13,"minecraft:grass_block":10,"minecraft:campfire":1,"minecraft:sugar_cane":3,"supplementaries:urn":2,"minecraft:iron_ore":8,"minecraft:andesite":1,"treechop:chopped_log":4,"minecraft:grass":4,"minecraft:coal_ore":15,"minecraft:sand":3,"minecraft:dirt":11,"minecraft:stone":38,"minecraft:oak_leaves":3},"minecraft:crafted":{"minecraft:oak_planks":16,"minecraft:dark_oak_boat":1,"minecraft:crafting_table":5,"minecraft:wooden_pickaxe":1,"minecraft:furnace":1,"minecraft:campfire":5,"minecraft:stone_axe":1,"minecraft:air":0,"quark:dark_oak_chest":4,"minecraft:charcoal":47,"minecraft:shield":1,"minecraft:stick":28,"minecraft:iron_ingot":8,"minecraft:stone_pickaxe":1,"minecraft:stone_sword":1,"minecraft:white_bed":1,"minecraft:dark_oak_planks":100,"minecraft:shears":1},"minecraft:killed":{"born_in_chaos_v1:barrel_zombie":1,"minecraft:sheep":3,"alexsmobs:blue_jay":1,"born_in_chaos_v1:dread_hound":1,"born_in_chaos_v1:corpse_fly":1,"born_in_chaos_v1:corpse_fish":1,"minecraft:cow":3},"minecraft:picked_up":{"minecraft:charcoal":2,"minecraft:cooked_beef":4,"born_in_chaos_v1:monster_flesh":1,"minecraft:prismarine_shard":4,"minecraft:andesite":1,"minecraft:leather":4,"minecraft:oak_log":4,"minecraft:lapis_lazuli":1,"minecraft:dirt":21,"minecraft:raw_copper":2,"minecraft:cooked_mutton":4,"minecraft:bone":3,"minecraft:wheat_seeds":1,"minecraft:beef":7,"minecraft:sugar_cane":9,"minecraft:birch_sapling":2,"minecraft:dark_oak_sapling":21,"minecraft:stick":19,"minecraft:raw_iron":8,"minecraft:cooked_porkchop":2,"minecraft:poisonous_potato":1,"minecraft:sand":2,"minecraft:dark_oak_log":161,"minecraft:rotten_flesh":1,"minecraft:slime_ball":1,"minecraft:bone_meal":1,"minecraft:emerald":2,"alexsmobs:maggot":3,"minecraft:oak_sapling":2,"born_in_chaos_v1:rotten_fish":1,"minecraft:mutton":4,"minecraft:coal":15,"minecraft:white_wool":3,"minecraft:cobblestone":36},"minecraft:killed_by":{"minecraft:player":1}},"DataVersion":3465}