{"stats":{"minecraft:custom":{"minecraft:mob_kills":45,"minecraft:interact_with_crafting_table":59,"minecraft:open_barrel":17,"minecraft:interact_with_campfire":11,"minecraft:bell_ring":1,"minecraft:damage_dealt_resisted":30,"minecraft:leave_game":5,"minecraft:time_since_death":114069,"minecraft:climb_one_cm":2699,"minecraft:sprint_one_cm":356672,"minecraft:walk_one_cm":326871,"minecraft:damage_blocked_by_shield":1342,"minecraft:drop":98,"minecraft:talked_to_villager":3,"minecraft:play_time":182712,"minecraft:deaths":4,"minecraft:sneak_time":794,"minecraft:walk_under_water_one_cm":11486,"minecraft:boat_one_cm":20,"minecraft:jump":3335,"minecraft:interact_with_brewingstand":1,"minecraft:interact_with_blast_furnace":11,"minecraft:walk_on_water_one_cm":22750,"minecraft:total_world_time":182712,"minecraft:interact_with_furnace":27,"minecraft:sleep_in_bed":3,"minecraft:time_since_rest":114097,"minecraft:waystone_activated":1,"minecraft:damage_taken":4110,"minecraft:damage_dealt":7183,"minecraft:swim_one_cm":44873,"minecraft:fly_one_cm":747408,"minecraft:open_chest":72,"minecraft:crouch_one_cm":1301,"minecraft:fall_one_cm":91978},"minecraft:used":{"minecraft:stone_sword":91,"minecraft:stone_shovel":86,"minecraft:redstone":1,"minecraft:shield":22,"minecraft:iron_sword":74,"travelersbackpack:diamond":2,"minecraft:stone_hoe":29,"simpletomb:grave_key":4,"minecraft:iron_chestplate":1,"minecraft:torch":140,"minecraft:dirt":5,"minecraft:granite":2,"minecraft:dark_oak_planks":3,"alexsmobs:maggot":3,"minecraft:birch_sapling":1,"minecraft:bow":5,"minecraft:dark_oak_boat":2,"minecraft:furnace":2,"minecraft:cooked_beef":6,"minecraft:cobbled_deepslate":5,"minecraft:iron_leggings":1,"minecraft:cooked_mutton":4,"minecraft:water_bucket":11,"minecraft:diorite":2,"minecraft:stone_pickaxe":294,"minecraft:wooden_pickaxe":15,"minecraft:sand":2,"minecraft:crafting_table":11,"minecraft:blast_furnace":1,"minecraft:campfire":5,"minecraft:white_bed":1,"justhammers:iron_hammer":415,"minecraft:oak_log":1,"born_in_chaos_v1:monster_flesh":1,"minecraft:bread":68,"minecraft:iron_pickaxe":62,"minecraft:stone_axe":79,"quark:dark_oak_chest":10,"minecraft:cobblestone":40,"minecraft:bucket":12},"minecraft:dropped":{"minecraft:water_bucket":1,"minecraft:bread":65,"minecraft:wheat_seeds":1,"minecraft:golden_helmet":1,"minecraft:golden_pickaxe":1,"minecraft:cooked_porkchop":2,"minecraft:cobblestone":64,"minecraft:granite":55,"minecraft:dirt":3,"born_in_chaos_v1:black_argillite":1,"minecraft:diorite":26,"minecraft:bone_meal":1,"minecraft:stone_axe":1,"minecraft:stone_sword":1,"minecraft:cobbled_deepslate":2211,"minecraft:raw_copper":2,"minecraft:tuff":23,"minecraft:wheat":1,"born_in_chaos_v1:rotten_fish":1,"minecraft:rotten_flesh":4,"justhammers:iron_hammer":3,"quark:blossom_chest":1,"supplementaries:ash":7,"minecraft:andesite":44,"minecraft:spider_eye":1,"minecraft:stone_pickaxe":4,"minecraft:netherrack":8},"minecraft:mined":{"minecraft:dark_oak_planks":2,"iceandfire:graveyard_soil":3,"iceandfire:silver_ore":2,"minecraft:dark_oak_leaves":1,"minecraft:deepslate_diamond_ore":8,"minecraft:dark_oak_log":15,"minecraft:granite":4,"minecraft:grass_block":68,"born_in_chaos_v1:black_argillite":3,"minecraft:hay_block":28,"quark:blossom_chest":1,"minecraft:iron_ore":52,"minecraft:fire":2,"minecraft:andesite":1,"treechop:chopped_log":4,"minecraft:deepslate_iron_ore":1,"iceandfire:gold_pile":50,"minecraft:vine":4,"minecraft:stone":80,"minecraft:deepslate_redstone_ore":2,"minecraft:brown_mushroom":1,"minecraft:torch":1,"minecraft:dark_oak_wood":3,"minecraft:blast_furnace":1,"minecraft:chest":1,"minecraft:campfire":1,"minecraft:tall_grass":33,"minecraft:cobblestone":11,"born_in_chaos_v1:chipped_black_argillite_brick":2,"minecraft:sugar_cane":3,"minecraft:diorite":2,"minecraft:wall_torch":2,"supplementaries:urn":7,"minecraft:skeleton_skull":1,"minecraft:grass":40,"minecraft:oak_log":1,"minecraft:coal_ore":101,"minecraft:sand":3,"minecraft:dirt":29,"minecraft:cobweb":1,"minecraft:chipped_anvil":1,"minecraft:deepslate":28,"minecraft:oak_leaves":3},"minecraft:crafted":{"minecraft:oak_planks":16,"minecraft:stone_shovel":2,"minecraft:dark_oak_boat":1,"minecraft:furnace":1,"quark:dark_oak_chest":10,"minecraft:iron_boots":1,"minecraft:stone_pickaxe":4,"minecraft:dark_oak_planks":116,"minecraft:stone_hoe":1,"minecraft:wheat":252,"minecraft:crafting_table":11,"minecraft:wooden_pickaxe":1,"minecraft:bucket":1,"minecraft:campfire":5,"minecraft:stone_axe":1,"minecraft:bread":93,"minecraft:air":0,"justhammers:iron_hammer":7,"minecraft:iron_chestplate":1,"minecraft:charcoal":85,"minecraft:shield":1,"minecraft:stick":68,"minecraft:iron_ingot":70,"minecraft:iron_pickaxe":2,"minecraft:stone_sword":1,"minecraft:iron_leggings":1,"minecraft:white_bed":1,"minecraft:torch":156,"minecraft:shears":1},"minecraft:broken":{"minecraft:stone_pickaxe":1},"minecraft:killed":{"minecraft:witch":1,"minecraft:spider":2,"minecraft:slime":1,"born_in_chaos_v1:maggot":3,"minecraft:skeleton":7,"alexsmobs:blue_jay":1,"minecraft:drowned":1,"born_in_chaos_v1:corpse_fish":1,"born_in_chaos_v1:firelight_not_despawn":1,"born_in_chaos_v1:barrel_zombie":2,"born_in_chaos_v1:decrepit_skeleton":1,"minecraft:sheep":6,"minecraft:zombie":8,"iceandfire:ghost":2,"born_in_chaos_v1:dread_hound":1,"born_in_chaos_v1:corpse_fly":1,"minecraft:cow":6},"minecraft:picked_up":{"minecraft:charcoal":28,"minecraft:prismarine_shard":4,"minecraft:golden_pickaxe":1,"minecraft:brown_mushroom":1,"born_in_chaos_v1:black_argillite":19,"minecraft:string":2,"minecraft:raw_copper":42,"travelersbackpack:diamond":1,"minecraft:gold_nugget":422,"minecraft:cobbled_deepslate":2683,"minecraft:beef":15,"minecraft:sugar_cane":9,"minecraft:chest":1,"minecraft:birch_sapling":2,"minecraft:golden_helmet":1,"minecraft:dark_oak_sapling":21,"minecraft:raw_iron":79,"minecraft:stick":19,"minecraft:torch":18,"minecraft:diorite":63,"minecraft:redstone":101,"minecraft:dark_oak_planks":2,"minecraft:arrow":7,"minecraft:rotten_flesh":13,"minecraft:hay_block":28,"quark:blossom_chest":1,"supplementaries:ash":15,"minecraft:mutton":8,"minecraft:cobblestone":227,"minecraft:skeleton_skull":2,"minecraft:white_wool":6,"minecraft:cooked_beef":7,"born_in_chaos_v1:monster_flesh":1,"minecraft:andesite":64,"minecraft:leather":6,"minecraft:dark_oak_boat":1,"minecraft:tuff":61,"minecraft:oak_log":5,"supplementaries:flax_seeds":2,"iceandfire:ectoplasm":1,"minecraft:lapis_lazuli":66,"minecraft:dirt":95,"minecraft:cooked_mutton":4,"minecraft:bone":9,"minecraft:chipped_anvil":1,"minecraft:bow":1,"minecraft:wheat_seeds":10,"minecraft:raw_gold":6,"minecraft:cooked_porkchop":2,"minecraft:dandelion":1,"minecraft:poisonous_potato":1,"justhammers:iron_hammer":1,"minecraft:sand":2,"minecraft:blast_furnace":1,"minecraft:dark_oak_log":162,"minecraft:spider_eye":4,"minecraft:sugar":1,"born_in_chaos_v1:fire_dust":1,"minecraft:slime_ball":2,"minecraft:diamond":8,"minecraft:granite":112,"minecraft:bone_meal":2,"minecraft:emerald":2,"minecraft:bread":49,"alexsmobs:maggot":3,"minecraft:oak_sapling":2,"born_in_chaos_v1:rotten_fish":1,"minecraft:netherrack":8,"minecraft:dark_oak_wood":3,"minecraft:coal":100,"iceandfire:raw_silver":2},"minecraft:killed_by":{"minecraft:player":1}},"DataVersion":3465}