{"stats":{"minecraft:custom":{"minecraft:interact_with_furnace":7,"minecraft:mob_kills":7,"minecraft:interact_with_crafting_table":13,"minecraft:interact_with_campfire":4,"minecraft:leave_game":3,"minecraft:time_since_death":16543,"minecraft:sleep_in_bed":1,"minecraft:time_since_rest":1657,"minecraft:damage_taken":1093,"minecraft:sprint_one_cm":84019,"minecraft:walk_one_cm":53780,"minecraft:drop":1,"minecraft:damage_dealt":982,"minecraft:swim_one_cm":2730,"minecraft:fly_one_cm":115601,"minecraft:open_chest":8,"minecraft:crouch_one_cm":21,"minecraft:play_time":33672,"minecraft:deaths":3,"minecraft:walk_under_water_one_cm":5080,"minecraft:sneak_time":44,"minecraft:jump":644,"minecraft:walk_on_water_one_cm":4784,"minecraft:total_world_time":33672,"minecraft:fall_one_cm":20303},"minecraft:used":{"minecraft:cooked_mutton":3,"minecraft:stone_sword":24,"minecraft:stone_pickaxe":36,"minecraft:wooden_pickaxe":15,"simpletomb:grave_key":3,"minecraft:sand":2,"minecraft:crafting_table":4,"minecraft:white_bed":1,"minecraft:campfire":4,"alexsmobs:maggot":3,"born_in_chaos_v1:monster_flesh":1,"minecraft:birch_sapling":1,"minecraft:stone_axe":65,"quark:dark_oak_chest":4,"minecraft:furnace":1},"minecraft:dropped":{"minecraft:cooked_porkchop":2},"minecraft:mined":{"minecraft:dark_oak_leaves":1,"minecraft:dark_oak_log":13,"minecraft:grass_block":9,"minecraft:campfire":1,"supplementaries:urn":2,"minecraft:iron_ore":8,"minecraft:andesite":1,"treechop:chopped_log":4,"minecraft:grass":4,"minecraft:coal_ore":1,"minecraft:sand":3,"minecraft:dirt":11,"minecraft:stone":22,"minecraft:oak_leaves":3},"minecraft:crafted":{"minecraft:oak_planks":16,"minecraft:crafting_table":4,"minecraft:wooden_pickaxe":1,"minecraft:furnace":1,"minecraft:campfire":4,"minecraft:stone_axe":1,"minecraft:air":0,"quark:dark_oak_chest":4,"minecraft:charcoal":3,"minecraft:stick":16,"minecraft:stone_pickaxe":1,"minecraft:stone_sword":1,"minecraft:white_bed":1,"minecraft:dark_oak_planks":100},"minecraft:killed":{"born_in_chaos_v1:barrel_zombie":1,"minecraft:sheep":3,"alexsmobs:blue_jay":1,"born_in_chaos_v1:dread_hound":1,"born_in_chaos_v1:corpse_fly":1},"minecraft:picked_up":{"minecraft:charcoal":2,"born_in_chaos_v1:monster_flesh":1,"minecraft:prismarine_shard":4,"minecraft:andesite":1,"minecraft:oak_log":4,"minecraft:lapis_lazuli":1,"minecraft:dirt":20,"minecraft:raw_copper":2,"minecraft:cooked_mutton":4,"minecraft:bone":3,"minecraft:wheat_seeds":1,"minecraft:birch_sapling":2,"minecraft:dark_oak_sapling":21,"minecraft:stick":19,"minecraft:raw_iron":8,"minecraft:cooked_porkchop":2,"minecraft:poisonous_potato":1,"minecraft:sand":2,"minecraft:dark_oak_log":161,"minecraft:rotten_flesh":1,"minecraft:slime_ball":1,"minecraft:emerald":2,"alexsmobs:maggot":3,"minecraft:oak_sapling":2,"minecraft:mutton":4,"minecraft:coal":1,"minecraft:white_wool":3,"minecraft:cobblestone":21},"minecraft:killed_by":{"minecraft:player":1}},"DataVersion":3465}