{"stats":{"minecraft:picked_up":{"minecraft:stick":7,"minecraft:wheat":1,"alexsmobs:acacia_blossom":4,"minecraft:acacia_log":34,"quark:hollow_acacia_log":4,"minecraft:moss_carpet":3,"minecraft:stone_axe":1,"minecraft:wheat_seeds":4,"minecraft:hay_block":10,"minecraft:stone_pickaxe":1,"minecraft:tall_grass":1,"minecraft:acacia_sapling":4,"minecraft:skeleton_skull":1,"minecraft:cobblestone":13},"minecraft:mined":{"minecraft:skeleton_skull":1,"minecraft:hay_block":10,"quark:hollow_acacia_log":4,"minecraft:wheat":1,"treechop:chopped_log":4,"minecraft:grass":30,"minecraft:stone":5},"minecraft:custom":{"minecraft:time_since_rest":1473,"minecraft:interact_with_furnace":4,"minecraft:sprint_one_cm":55083,"minecraft:damage_taken":325,"minecraft:walk_one_cm":37776,"minecraft:drop":1,"minecraft:animals_bred":2,"minecraft:damage_dealt":33,"minecraft:swim_one_cm":2347,"minecraft:interact_with_crafting_table":7,"minecraft:fly_one_cm":110419,"minecraft:open_chest":12,"minecraft:play_time":21338,"minecraft:sneak_time":15,"minecraft:walk_under_water_one_cm":2338,"minecraft:jump":385,"minecraft:interact_with_brewingstand":1,"minecraft:leave_game":1,"minecraft:time_since_death":21338,"minecraft:walk_on_water_one_cm":501,"minecraft:sleep_in_bed":7,"minecraft:total_world_time":21338,"minecraft:fall_one_cm":6928},"minecraft:used":{"minecraft:stone_sword":14,"minecraft:bread":8,"minecraft:stone_pickaxe":6,"minecraft:stone_axe":32,"minecraft:tall_grass":1,"minecraft:crafting_table":2,"minecraft:furnace":1,"quark:acacia_chest":1},"minecraft:dropped":{"minecraft:tall_grass":1},"minecraft:crafted":{"quark:acacia_chest":1,"minecraft:charcoal":9,"minecraft:crafting_table":2,"minecraft:stick":4,"minecraft:wooden_pickaxe":1,"minecraft:stone_sword":1,"minecraft:furnace":1,"minecraft:acacia_planks":28,"minecraft:torch":36,"minecraft:air":0,"minecraft:bread":24,"minecraft:wheat":90}},"DataVersion":3465}