{"stats":{"minecraft:killed_by":{"minecraft:player":1},"minecraft:crafted":{"minecraft:oak_planks":16,"minecraft:crafting_table":1,"minecraft:stick":16,"minecraft:wooden_pickaxe":1,"minecraft:stone_pickaxe":1,"minecraft:stone_sword":1,"minecraft:dark_oak_planks":100,"minecraft:stone_axe":1},"minecraft:picked_up":{"minecraft:dark_oak_sapling":8,"minecraft:stick":12,"minecraft:raw_iron":8,"born_in_chaos_v1:monster_flesh":1,"minecraft:andesite":1,"minecraft:oak_log":4,"minecraft:dark_oak_log":89,"minecraft:dirt":8,"minecraft:bone":3,"minecraft:wheat_seeds":1,"minecraft:emerald":2,"alexsmobs:maggot":1,"minecraft:oak_sapling":2,"minecraft:coal":1,"minecraft:cobblestone":12},"minecraft:mined":{"supplementaries:urn":2,"minecraft:dark_oak_leaves":1,"minecraft:iron_ore":8,"minecraft:dark_oak_log":12,"minecraft:andesite":1,"treechop:chopped_log":2,"minecraft:grass":2,"minecraft:grass_block":2,"minecraft:coal_ore":1,"minecraft:sand":1,"minecraft:dirt":6,"minecraft:stone":13},"minecraft:used":{"minecraft:stone_sword":16,"born_in_chaos_v1:monster_flesh":1,"minecraft:stone_pickaxe":16,"minecraft:wooden_pickaxe":15,"simpletomb:grave_key":2,"minecraft:stone_axe":27,"minecraft:crafting_table":1},"minecraft:killed":{"alexsmobs:blue_jay":1,"born_in_chaos_v1:dread_hound":1,"born_in_chaos_v1:corpse_fly":1},"minecraft:custom":{"minecraft:time_since_rest":4837,"minecraft:sprint_one_cm":32046,"minecraft:damage_taken":893,"minecraft:walk_one_cm":19898,"minecraft:mob_kills":3,"minecraft:damage_dealt":451,"minecraft:swim_one_cm":2730,"minecraft:interact_with_crafting_table":4,"minecraft:fly_one_cm":33215,"minecraft:play_time":14665,"minecraft:deaths":2,"minecraft:walk_under_water_one_cm":3516,"minecraft:jump":217,"minecraft:leave_game":3,"minecraft:time_since_death":4807,"minecraft:walk_on_water_one_cm":3081,"minecraft:total_world_time":14665,"minecraft:fall_one_cm":8843}},"DataVersion":3465}