{"stats":{"minecraft:mined":{"minecraft:grass":1,"minecraft:grass_block":1,"minecraft:dirt":1},"minecraft:killed_by":{"minecraft:player":1},"minecraft:custom":{"minecraft:jump":18,"minecraft:time_since_rest":2598,"minecraft:leave_game":1,"minecraft:deaths":1,"minecraft:damage_dealt":18,"minecraft:sprint_one_cm":2416,"minecraft:play_time":3294,"minecraft:damage_taken":373,"minecraft:time_since_death":2472,"minecraft:walk_one_cm":812,"minecraft:total_world_time":3294,"minecraft:fly_one_cm":2065},"minecraft:picked_up":{"minecraft:wheat_seeds":1,"minecraft:dirt":2}},"DataVersion":3465}