{"stats":{"minecraft:killed_by":{"minecraft:player":1},"minecraft:picked_up":{"minecraft:wheat_seeds":1,"minecraft:dirt":2},"minecraft:mined":{"minecraft:grass":1,"minecraft:grass_block":1,"minecraft:dirt":1},"minecraft:custom":{"minecraft:jump":33,"minecraft:time_since_rest":3591,"minecraft:damage_dealt":18,"minecraft:walk_one_cm":2905,"minecraft:leave_game":1,"minecraft:play_time":4287,"minecraft:sprint_one_cm":4066,"minecraft:damage_taken":373,"minecraft:time_since_death":3465,"minecraft:deaths":1,"minecraft:total_world_time":4287,"minecraft:fall_one_cm":418,"minecraft:fly_one_cm":3527}},"DataVersion":3465}