{"stats":{"minecraft:picked_up":{"minecraft:stick":9,"minecraft:raw_iron":1,"minecraft:wheat":4,"alexsmobs:acacia_blossom":4,"minecraft:acacia_log":51,"quark:hollow_acacia_log":4,"minecraft:moss_carpet":3,"minecraft:stone_axe":1,"minecraft:wheat_seeds":15,"minecraft:hay_block":10,"minecraft:granite":4,"minecraft:stone_pickaxe":1,"minecraft:tall_grass":1,"minecraft:coal":49,"minecraft:acacia_sapling":5,"minecraft:skeleton_skull":1,"minecraft:cobblestone":19},"minecraft:mined":{"minecraft:skeleton_skull":1,"minecraft:hay_block":10,"quark:hollow_acacia_log":4,"minecraft:iron_ore":1,"minecraft:wheat":3,"treechop:chopped_log":6,"minecraft:granite":4,"minecraft:grass":34,"minecraft:coal_ore":50,"minecraft:tall_grass":2,"minecraft:stone":11},"minecraft:custom":{"minecraft:time_since_rest":12690,"minecraft:interact_with_furnace":5,"minecraft:sprint_one_cm":88886,"minecraft:damage_taken":335,"minecraft:walk_one_cm":71927,"minecraft:drop":4,"minecraft:animals_bred":4,"minecraft:damage_dealt":43,"minecraft:talked_to_villager":1,"minecraft:swim_one_cm":2347,"minecraft:interact_with_crafting_table":10,"minecraft:fly_one_cm":160254,"minecraft:open_barrel":1,"minecraft:open_chest":15,"minecraft:play_time":44186,"minecraft:sneak_time":16,"minecraft:walk_under_water_one_cm":2338,"minecraft:interact_with_brewingstand":1,"minecraft:jump":661,"minecraft:interact_with_blast_furnace":1,"minecraft:leave_game":2,"minecraft:time_since_death":44186,"minecraft:walk_on_water_one_cm":501,"minecraft:sleep_in_bed":8,"minecraft:total_world_time":44186,"minecraft:fall_one_cm":12633},"minecraft:used":{"minecraft:wheat_seeds":2,"minecraft:stone_sword":16,"minecraft:stone_pickaxe":67,"minecraft:bread":11,"minecraft:stone_axe":48,"minecraft:torch":22,"minecraft:cobblestone":3,"minecraft:tall_grass":1,"minecraft:crafting_table":2,"minecraft:furnace":1,"quark:acacia_chest":1},"minecraft:dropped":{"minecraft:wheat_seeds":1,"minecraft:torch":54,"minecraft:acacia_sapling":1,"minecraft:tall_grass":1},"minecraft:crafted":{"quark:acacia_chest":1,"minecraft:charcoal":27,"minecraft:crafting_table":2,"minecraft:stick":68,"minecraft:wooden_pickaxe":1,"minecraft:stone_pickaxe":1,"minecraft:stone_sword":1,"minecraft:furnace":1,"minecraft:acacia_planks":60,"minecraft:torch":108,"minecraft:air":0,"minecraft:bread":24,"minecraft:wheat":90}},"DataVersion":3465}