{"stats":{"minecraft:picked_up":{"minecraft:wheat":4,"minecraft:andesite":4,"alexsmobs:acacia_blossom":4,"minecraft:diamond_sword":1,"minecraft:red_mushroom":2,"quark:hollow_acacia_log":4,"minecraft:moss_carpet":3,"minecraft:bone":2,"minecraft:wheat_seeds":15,"minecraft:cobbled_deepslate":1,"minecraft:raw_gold":8,"minecraft:iron_ingot":7,"minecraft:stone_pickaxe":1,"minecraft:tall_grass":1,"minecraft:acacia_sapling":5,"minecraft:raw_iron":19,"minecraft:stick":9,"minecraft:torch":13,"minecraft:acacia_log":51,"minecraft:arrow":2,"minecraft:diamond":6,"minecraft:stone_axe":1,"minecraft:hay_block":10,"minecraft:granite":4,"minecraft:coal":51,"minecraft:skeleton_skull":1,"minecraft:cobblestone":21,"minecraft:diamond_pickaxe":1},"minecraft:killed":{"minecraft:skeleton":2},"minecraft:mined":{"quark:hollow_acacia_log":4,"minecraft:deepslate_diamond_ore":6,"minecraft:granite":4,"minecraft:tall_grass":2,"minecraft:spawner":1,"minecraft:skeleton_skull":1,"minecraft:hay_block":10,"minecraft:coarse_dirt":1,"minecraft:wheat":3,"minecraft:iron_ore":19,"minecraft:andesite":4,"treechop:chopped_log":6,"minecraft:grass":34,"minecraft:coal_ore":50,"minecraft:stone":13,"minecraft:gold_ore":8,"minecraft:deepslate":1},"minecraft:custom":{"minecraft:interact_with_furnace":5,"minecraft:mob_kills":2,"minecraft:animals_bred":4,"minecraft:interact_with_crafting_table":13,"minecraft:open_barrel":4,"minecraft:leave_game":2,"minecraft:time_since_death":56186,"minecraft:sleep_in_bed":8,"minecraft:time_since_rest":24690,"minecraft:sprint_one_cm":94288,"minecraft:damage_taken":655,"minecraft:walk_one_cm":87072,"minecraft:damage_blocked_by_shield":20,"minecraft:drop":5,"minecraft:damage_dealt":421,"minecraft:swim_one_cm":5016,"minecraft:talked_to_villager":1,"minecraft:fly_one_cm":166607,"minecraft:open_chest":16,"minecraft:crouch_one_cm":196,"minecraft:play_time":56186,"minecraft:sneak_time":54,"minecraft:walk_under_water_one_cm":7631,"minecraft:jump":737,"minecraft:interact_with_brewingstand":1,"minecraft:interact_with_blast_furnace":1,"minecraft:walk_on_water_one_cm":7122,"minecraft:total_world_time":56186,"minecraft:fall_one_cm":14341},"minecraft:used":{"minecraft:wheat_seeds":2,"minecraft:stone_sword":26,"minecraft:stone_pickaxe":86,"minecraft:shield":2,"minecraft:torch":39,"minecraft:crafting_table":3,"quark:acacia_chest":1,"minecraft:diamond_pickaxe":22,"minecraft:bread":18,"minecraft:stone_axe":48,"minecraft:diamond_sword":2,"minecraft:cobblestone":3,"minecraft:tall_grass":1,"minecraft:furnace":1},"minecraft:crafted":{"minecraft:crafting_table":3,"minecraft:wooden_pickaxe":1,"minecraft:furnace":1,"minecraft:bread":24,"minecraft:air":0,"quark:acacia_chest":1,"minecraft:charcoal":27,"minecraft:shield":1,"minecraft:stick":68,"minecraft:stone_pickaxe":1,"minecraft:stone_sword":1,"minecraft:acacia_planks":96,"minecraft:torch":108,"minecraft:wheat":90},"minecraft:dropped":{"minecraft:iron_ingot":7,"minecraft:wheat_seeds":1,"minecraft:tall_grass":1,"minecraft:torch":54,"minecraft:acacia_sapling":1}},"DataVersion":3465}