{"stats":{"minecraft:picked_up":{"minecraft:prismarine_shard":4,"minecraft:potion":1,"minecraft:brewing_stand":1,"born_in_chaos_v1:holiday_candy":32,"minecraft:amethyst_block":8,"born_in_chaos_v1:black_argillite":19,"minecraft:string":43,"minecraft:raw_copper":77,"travelersbackpack:diamond":14,"minecraft:smooth_stone_slab":5,"minecraft:diamond_leggings":1,"minecraft:gold_nugget":854,"minecraft:cobbled_deepslate":3595,"minecraft:spruce_planks":14,"minecraft:redstone_torch":1,"minecraft:cobblestone_slab":5,"minecraft:calcite":29,"minecraft:mangrove_log":2,"minecraft:tipped_arrow":1,"minecraft:golden_helmet":1,"minecraft:stick":43,"mowziesmobs:sol_visage":1,"minecraft:big_dripleaf":2,"minecraft:torch":45,"minecraft:acacia_log":1,"minecraft:spruce_stairs":3,"iceandfire:lightning_dragon_flesh":1,"minecraft:pointed_dripstone":6,"minecraft:diorite":83,"born_in_chaos_v1:nightmare_claw":1,"minecraft:light_gray_bed":4,"minecraft:rotten_flesh":48,"iceandfire:fire_dragon_heart":1,"alexsmobs:emu_egg":1,"quark:blossom_chest":1,"supplementaries:ash":35,"minecraft:iron_bars":1,"minecraft:cobblestone":1517,"minecraft:leather_chestplate":2,"minecraft:feather":8,"minecraft:cooked_beef":7,"minecraft:water_bucket":1,"minecraft:andesite":114,"minecraft:dark_oak_boat":1,"minecraft:flint":3,"minecraft:tuff":266,"supplementaries:flax_seeds":3,"minecraft:magenta_bed":4,"minecraft:lapis_lazuli":214,"minecraft:dirt":128,"minecraft:polished_granite":3,"born_in_chaos_v1:monster_skin":1,"minecraft:mangrove_fence":1,"minecraft:bone":31,"minecraft:chipped_anvil":1,"minecraft:bow":2,"minecraft:wheat_seeds":28,"minecraft:raw_gold":27,"minecraft:mossy_stone_bricks":1,"minecraft:fletching_table":2,"minecraft:moss_block":1,"minecraft:oak_planks":25,"minecraft:cooked_porkchop":2,"minecraft:poisonous_potato":1,"justhammers:iron_hammer":1,"iceandfire:dragon_skull_fire":1,"minecraft:sand":2,"iceandfire:stymphalian_bird_feather":4,"iceandfire:lightning_dragon_heart":1,"minecraft:dark_oak_log":366,"minecraft:barrel":1,"minecraft:mossy_cobblestone":2,"minecraft:sugar":1,"born_in_chaos_v1:fire_dust":1,"minecraft:diamond":10,"minecraft:granite":209,"minecraft:bone_meal":2,"minecraft:golden_apple":1,"minecraft:emerald":3,"minecraft:bread":49,"alexsmobs:maggot":4,"minecraft:oak_sapling":18,"born_in_chaos_v1:rotten_fish":1,"minecraft:netherrack":8,"iceandfire:raw_silver":2,"minecraft:crafting_table":1,"minecraft:charcoal":28,"born_in_chaos_v1:diamond_termite_shard":1,"minecraft:azure_bluet":1,"minecraft:turtle_helmet":1,"born_in_chaos_v1:seedof_chaos":3,"minecraft:golden_pickaxe":1,"minecraft:brown_mushroom":3,"mowziesmobs:glowing_jelly":1,"minecraft:chain":2,"minecraft:moss_carpet":1,"minecraft:iron_axe":1,"quark:yellow_shard":3,"minecraft:cracked_stone_bricks":2,"minecraft:beef":15,"minecraft:oak_boat":1,"minecraft:player_head":4,"minecraft:light_gray_wool":1,"minecraft:poppy":2,"minecraft:spruce_slab":5,"minecraft:lectern":2,"minecraft:sugar_cane":9,"minecraft:chest":1,"minecraft:birch_sapling":2,"minecraft:egg":1,"minecraft:dark_oak_sapling":51,"minecraft:raw_iron":207,"iceandfire:dragonbone":15,"iceandfire:dragonscales_green":13,"minecraft:copper_ingot":3,"born_in_chaos_v1:pieceofdarkmetal":1,"minecraft:redstone":142,"minecraft:dark_oak_planks":2,"mowziesmobs:umvuthana_mask_faith":2,"minecraft:arrow":23,"quark:acacia_chest":1,"minecraft:hay_block":46,"mowziesmobs:umvuthana_mask_bliss":2,"minecraft:mutton":9,"minecraft:skeleton_skull":2,"minecraft:white_wool":6,"minecraft:oxeye_daisy":1,"born_in_chaos_v1:fused_bone":2,"born_in_chaos_v1:corpse_maggot":3,"born_in_chaos_v1:monster_flesh":2,"born_in_chaos_v1:pumpkin_staff":1,"minecraft:leather":6,"minecraft:red_mushroom":2,"minecraft:oak_log":29,"iceandfire:ectoplasm":1,"minecraft:cobblestone_wall":1,"minecraft:yellow_bed":1,"minecraft:gunpowder":6,"simpletomb:grave_key":1,"mowziesmobs:wrought_axe":3,"minecraft:cooked_mutton":4,"born_in_chaos_v1:soul_cutlass":1,"minecraft:apple":6,"minecraft:stone_bricks":2,"mowziesmobs:umvuthana_mask_rage":1,"minecraft:iron_ingot":1,"minecraft:iron_ore":175,"iceandfire:fire_dragon_flesh":5,"minecraft:acacia_sapling":1,"minecraft:book":120,"minecraft:smooth_basalt":32,"minecraft:chiseled_stone_bricks":2,"born_in_chaos_v1:ethereal_spirit":1,"minecraft:dandelion":2,"minecraft:dripstone_block":46,"minecraft:gravel":47,"mowziesmobs:wrought_helmet":1,"minecraft:blast_furnace":3,"minecraft:white_bed":2,"minecraft:spruce_log":1,"minecraft:spider_eye":9,"iceandfire:dragonscales_copper":19,"minecraft:pumpkin_seeds":1,"minecraft:slime_ball":2,"mowziesmobs:umvuthana_mask_fear":1,"minecraft:damaged_anvil":1,"minecraft:acacia_slab":2,"minecraft:dark_oak_wood":3,"minecraft:coal":150,"minecraft:sunflower":1,"minecraft:ender_pearl":1},"minecraft:killed_by":{"minecraft:player":1},"minecraft:killed":{"minecraft:cave_spider":1,"minecraft:witch":1,"born_in_chaos_v1:zombie_lumberjack":1,"born_in_chaos_v1:sir_the_headless":1,"mowziesmobs:umvuthi":1,"minecraft:spider":15,"iceandfire:stymphalian_bird":1,"born_in_chaos_v1:siamese_skeletonsright":1,"minecraft:skeleton":19,"mowziesmobs:umvuthana_crane_player":1,"mowziesmobs:umvuthana_crane":1,"born_in_chaos_v1:firelight_not_despawn":1,"born_in_chaos_v1:diamond_termite":1,"minecraft:creeper":2,"minecraft:sheep":7,"mowziesmobs:lantern":1,"minecraft:zombie":31,"born_in_chaos_v1:dread_hound":2,"born_in_chaos_v1:corpse_fly":2,"born_in_chaos_v1:siamese_skeletonsleft":1,"minecraft:cow":6,"minecraft:slime":1,"born_in_chaos_v1:maggot":9,"born_in_chaos_v1:pumpkinhead":1,"mowziesmobs:ferrous_wroughtnaut":1,"alexsmobs:blue_jay":1,"iceandfire:fire_dragon":1,"minecraft:drowned":1,"born_in_chaos_v1:corpse_fish":1,"mowziesmobs:umvuthana":1,"born_in_chaos_v1:barrel_zombie":2,"minecraft:husk":10,"born_in_chaos_v1:felsteed":1,"born_in_chaos_v1:bone_imp_minion":13,"born_in_chaos_v1:baby_skeleton":2,"mowziesmobs:umvuthana_follower_raptor":2,"born_in_chaos_v1:decrepit_skeleton":1,"endermanoverhaul:cave_enderman":1,"iceandfire:ghost":6,"born_in_chaos_v1:bonescaller_not_despawn":2,"born_in_chaos_v1:nightmare_stalker":1},"minecraft:mined":{"minecraft:dark_oak_planks":2,"minecraft:spruce_planks":12,"minecraft:white_bed":2,"iceandfire:graveyard_soil":3,"minecraft:brewing_stand":2,"minecraft:granite":28,"minecraft:grass_block":76,"born_in_chaos_v1:dark_metal_deposit":1,"minecraft:dead_tube_coral_block":1,"minecraft:mangrove_fence":1,"minecraft:light_gray_bed":3,"minecraft:composter":2,"minecraft:oxeye_daisy":1,"minecraft:chiseled_stone_bricks":2,"minecraft:spawner":3,"minecraft:tall_seagrass":2,"quark:blossom_chest":1,"minecraft:iron_ore":113,"minecraft:cobbled_deepslate":4,"minecraft:fire":2,"minecraft:moss_carpet":1,"minecraft:deepslate_lapis_ore":4,"minecraft:fletching_table":2,"iceandfire:gold_pile":103,"minecraft:dirt_path":5,"minecraft:cave_vines":1,"minecraft:iron_bars":1,"minecraft:player_head":4,"minecraft:spruce_slab":6,"minecraft:deepslate_redstone_ore":3,"minecraft:brown_mushroom":2,"minecraft:torch":1,"minecraft:dark_oak_wood":5,"minecraft:blast_furnace":3,"minecraft:calcite":2,"iceandfire:ghost_chest":1,"minecraft:chest":1,"minecraft:cobblestone":26,"minecraft:oak_planks":2,"minecraft:sugar_cane":3,"minecraft:damaged_anvil":1,"minecraft:wall_torch":18,"travelersbackpack:diamond":13,"minecraft:skeleton_skull":1,"minecraft:seagrass":2,"minecraft:chain":2,"minecraft:magenta_bed":3,"minecraft:smooth_stone_slab":5,"minecraft:grass":95,"minecraft:oak_log":1,"minecraft:sand":7,"minecraft:dirt":58,"born_in_chaos_v1:infernal_evil_pumpkin_s":1,"minecraft:yellow_stained_glass":1,"minecraft:oak_leaves":3,"minecraft:deepslate":92,"iceandfire:silver_ore":3,"minecraft:mossy_cobblestone":2,"minecraft:dark_oak_leaves":1,"minecraft:deepslate_diamond_ore":10,"minecraft:dark_oak_log":15,"born_in_chaos_v1:infected_diamond_ore":1,"born_in_chaos_v1:black_argillite":3,"quark:acacia_chest":1,"minecraft:acacia_slab":1,"minecraft:moss_block":1,"minecraft:hay_block":46,"minecraft:black_stained_glass_pane":2,"minecraft:andesite":38,"treechop:chopped_log":12,"minecraft:bookshelf":41,"travelersbackpack:yellow_sleeping_bag":1,"minecraft:deepslate_iron_ore":4,"minecraft:vine":6,"minecraft:stone":432,"minecraft:cake":1,"minecraft:redstone_wall_torch":1,"minecraft:acacia_leaves":1,"minecraft:polished_granite":4,"minecraft:crafting_table":1,"minecraft:emerald_ore":1,"minecraft:campfire":1,"minecraft:lectern":2,"minecraft:copper_ore":4,"minecraft:tall_grass":59,"born_in_chaos_v1:chipped_black_argillite_brick":2,"minecraft:deepslate_gold_ore":2,"minecraft:diorite":20,"minecraft:big_dripleaf":1,"supplementaries:urn":10,"minecraft:spruce_stairs":4,"minecraft:spruce_log":1,"minecraft:yellow_bed":1,"minecraft:coal_ore":106,"minecraft:sunflower":1,"minecraft:gravel":50,"minecraft:cobweb":17,"minecraft:cracked_stone_bricks":2,"minecraft:stone_bricks":2,"minecraft:mossy_stone_bricks":1,"minecraft:gold_ore":4,"minecraft:chipped_anvil":1},"minecraft:broken":{"minecraft:stone_pickaxe":1,"minecraft:shield":1,"minecraft:iron_pickaxe":1},"minecraft:custom":{"minecraft:animals_bred":1,"minecraft:interact_with_crafting_table":78,"minecraft:open_barrel":94,"minecraft:bell_ring":1,"minecraft:eat_cake_slice":2,"minecraft:leave_game":8,"minecraft:time_since_death":15906,"minecraft:sprint_one_cm":1425352,"minecraft:damage_blocked_by_shield":4072,"minecraft:drop":307,"minecraft:talked_to_villager":21,"minecraft:play_time":567744,"minecraft:deaths":17,"minecraft:jump":12550,"minecraft:interact_with_brewingstand":3,"minecraft:walk_on_water_one_cm":98774,"minecraft:interact_with_furnace":34,"minecraft:traded_with_villager":10,"minecraft:interact_with_loom":1,"minecraft:sleep_in_bed":20,"minecraft:waystone_activated":4,"minecraft:damage_dealt":31904,"minecraft:crouch_one_cm":5810,"minecraft:interact_with_smithing_table":5,"minecraft:interact_with_anvil":6,"minecraft:mob_kills":175,"minecraft:interact_with_campfire":11,"minecraft:damage_dealt_resisted":2340,"minecraft:climb_one_cm":22164,"minecraft:walk_one_cm":1109630,"minecraft:sneak_time":2948,"minecraft:walk_under_water_one_cm":46620,"minecraft:boat_one_cm":6184,"minecraft:interact_with_blast_furnace":13,"minecraft:total_world_time":567744,"minecraft:tune_noteblock":1,"minecraft:interact_with_stonecutter":1,"minecraft:time_since_rest":15937,"minecraft:damage_taken":18514,"minecraft:trigger_trapped_chest":12,"minecraft:swim_one_cm":198196,"minecraft:fly_one_cm":3092847,"minecraft:open_chest":254,"minecraft:fall_one_cm":338888},"minecraft:used":{"alexsmobs:emu_egg":1,"minecraft:iron_shovel":3,"mowziesmobs:umvuthana_mask_fear":1,"minecraft:spruce_slab":2,"minecraft:shield":223,"minecraft:iron_sword":89,"travelersbackpack:diamond":29,"minecraft:player_head":4,"minecraft:iron_chestplate":1,"minecraft:mutton":1,"born_in_chaos_v1:soul_cutlass":409,"minecraft:acacia_sapling":1,"minecraft:tuff":6,"minecraft:azure_bluet":1,"minecraft:birch_sapling":1,"minecraft:stone_bricks":1,"mowziesmobs:umvuthana_mask_rage":1,"minecraft:bow":106,"minecraft:dark_oak_boat":3,"supplementaries:ash":1,"minecraft:oak_sapling":3,"minecraft:furnace":2,"minecraft:egg":1,"minecraft:mossy_stone_bricks":1,"minecraft:diorite":2,"minecraft:damaged_anvil":1,"minecraft:stone_pickaxe":294,"minecraft:oak_planks":16,"minecraft:wooden_pickaxe":15,"minecraft:sand":2,"minecraft:blast_furnace":1,"born_in_chaos_v1:holiday_candy":27,"minecraft:redstone_torch":1,"born_in_chaos_v1:monster_flesh":1,"minecraft:bread":98,"minecraft:gravel":33,"minecraft:diamond_sword":73,"minecraft:oak_boat":2,"minecraft:acacia_log":1,"minecraft:stone_sword":91,"minecraft:stone_shovel":86,"minecraft:redstone":1,"minecraft:spruce_planks":4,"minecraft:mangrove_fence":1,"minecraft:stone_hoe":29,"simpletomb:grave_key":18,"minecraft:torch":313,"minecraft:brewing_stand":1,"minecraft:dirt":6,"minecraft:spruce_stairs":1,"minecraft:granite":2,"iceandfire:armor_green_chestplate":1,"mowziesmobs:wrought_helmet":1,"minecraft:iron_hoe":13,"minecraft:dark_oak_planks":16,"alexsmobs:maggot":3,"minecraft:chipped_anvil":1,"minecraft:acacia_slab":1,"iceandfire:armor_green_boots":1,"minecraft:cooked_beef":6,"minecraft:light_gray_bed":4,"minecraft:cobbled_deepslate":54,"minecraft:iron_leggings":1,"minecraft:cooked_mutton":4,"minecraft:water_bucket":65,"minecraft:iron_ore":1,"minecraft:baked_potato":220,"minecraft:brown_mushroom":2,"minecraft:fletching_table":2,"minecraft:cobblestone_slab":2,"justhammers:diamond_hammer":45,"minecraft:crafting_table":12,"minecraft:magenta_bed":3,"minecraft:white_bed":2,"minecraft:campfire":5,"justhammers:iron_hammer":633,"mowziesmobs:wrought_axe":213,"minecraft:oak_log":1,"minecraft:diamond_pickaxe":535,"minecraft:apple":1,"minecraft:diamond_shovel":62,"minecraft:iron_pickaxe":248,"mowziesmobs:sol_visage":2,"minecraft:stone_axe":79,"quark:dark_oak_chest":10,"minecraft:cobblestone":65,"minecraft:potion":1,"minecraft:bucket":72,"minecraft:yellow_bed":1,"minecraft:diamond_leggings":1},"minecraft:crafted":{"minecraft:oak_planks":112,"travelersbackpack:crafting_upgrade":1,"minecraft:dark_oak_boat":2,"travelersbackpack:diamond":3,"minecraft:bow":3,"minecraft:iron_boots":2,"justhammers:diamond_hammer":1,"minecraft:stone_hoe":1,"travelersbackpack:iron_tier_upgrade":1,"minecraft:arrow":160,"minecraft:crafting_table":13,"minecraft:spruce_planks":4,"minecraft:wooden_pickaxe":1,"minecraft:fletching_table":1,"minecraft:campfire":5,"iceandfire:armor_copper_leggings":1,"iceandfire:armor_green_chestplate":1,"minecraft:light_gray_bed":1,"minecraft:iron_chestplate":2,"minecraft:charcoal":85,"minecraft:shield":6,"minecraft:stick":104,"minecraft:iron_ingot":70,"minecraft:iron_pickaxe":2,"minecraft:stone_sword":1,"minecraft:gold_ingot":94,"minecraft:light_gray_dye":1,"minecraft:shears":1,"iceandfire:armor_copper_helmet":1,"minecraft:stone_shovel":2,"minecraft:furnace":1,"travelersbackpack:blank_upgrade":4,"travelersbackpack:gold_tier_upgrade":1,"quark:dark_oak_chest":10,"born_in_chaos_v1:pieceofdarkmetal":18,"minecraft:iron_hoe":1,"minecraft:stone_pickaxe":4,"minecraft:dark_oak_planks":292,"travelersbackpack:diamond_tier_upgrade":1,"minecraft:wheat":279,"minecraft:diamond_sword":1,"travelersbackpack:backpack_tank":2,"minecraft:bucket":2,"minecraft:stone_axe":1,"minecraft:bread":93,"minecraft:air":0,"minecraft:oak_boat":1,"justhammers:iron_hammer":9,"minecraft:iron_leggings":1,"minecraft:white_bed":1,"minecraft:torch":352,"iceandfire:armor_green_boots":1},"minecraft:dropped":{"minecraft:iron_sword":1,"minecraft:moss_block":1,"minecraft:baked_potato":1,"minecraft:golden_pickaxe":1,"minecraft:glass_bottle":1,"minecraft:cooked_porkchop":2,"mowziesmobs:umvuthana_mask_faith":1,"minecraft:fletching_table":1,"minecraft:cracked_stone_bricks":2,"minecraft:red_mushroom":2,"minecraft:flint":1,"born_in_chaos_v1:monster_flesh":1,"minecraft:dirt":25,"quark:acacia_chest":1,"born_in_chaos_v1:monster_skin":1,"mowziesmobs:umvuthana_mask_bliss":2,"minecraft:crimson_roots":1,"minecraft:chain":2,"minecraft:bone_meal":1,"minecraft:sunflower":1,"minecraft:iron_pickaxe":2,"minecraft:dark_oak_planks":1,"minecraft:bone":27,"minecraft:gravel":14,"minecraft:stone_axe":1,"minecraft:sugar_cane":20,"minecraft:cobbled_deepslate":3117,"minecraft:wheat":1,"minecraft:pointed_dripstone":6,"minecraft:rotten_flesh":20,"minecraft:oak_planks":5,"justhammers:iron_hammer":9,"minecraft:chiseled_stone_bricks":2,"quark:blossom_chest":1,"minecraft:poppy":2,"minecraft:leather_chestplate":1,"supplementaries:flax_seeds":1,"supplementaries:ash":29,"minecraft:tipped_arrow":1,"minecraft:mangrove_log":2,"minecraft:gunpowder":6,"born_in_chaos_v1:corpse_maggot":2,"minecraft:acacia_slab":1,"minecraft:spruce_slab":3,"minecraft:iron_bars":1,"minecraft:netherrack":8,"minecraft:water_bucket":2,"minecraft:bread":66,"minecraft:wheat_seeds":19,"minecraft:golden_helmet":1,"minecraft:mossy_cobblestone":2,"minecraft:dripstone_block":46,"simpletomb:grave_key":1,"minecraft:feather":8,"minecraft:cobblestone":1386,"mowziesmobs:umvuthana_mask_fear":1,"minecraft:amethyst_block":8,"minecraft:apple":1,"minecraft:granite":152,"minecraft:copper_ingot":3,"minecraft:spruce_stairs":2,"mowziesmobs:wrought_axe":2,"minecraft:magenta_bed":1,"mowziesmobs:sol_visage":1,"born_in_chaos_v1:pumpkin_staff":1,"born_in_chaos_v1:black_argillite":1,"minecraft:diorite":46,"born_in_chaos_v1:fused_bone":2,"minecraft:potion":1,"minecraft:iron_axe":2,"minecraft:string":19,"minecraft:dandelion":1,"minecraft:smooth_basalt":32,"minecraft:moss_carpet":1,"alexsmobs:maggot":1,"minecraft:stone_sword":1,"minecraft:cobblestone_wall":1,"minecraft:raw_copper":5,"minecraft:tuff":121,"born_in_chaos_v1:rotten_fish":1,"minecraft:light_gray_wool":1,"minecraft:pumpkin_seeds":1,"minecraft:big_dripleaf":2,"minecraft:cobblestone_slab":3,"minecraft:shield":1,"minecraft:spruce_planks":2,"minecraft:andesite":94,"minecraft:light_gray_bed":1,"minecraft:oak_sapling":13,"minecraft:spider_eye":6,"minecraft:stone_bricks":1,"minecraft:barrel":1,"minecraft:stone_pickaxe":4,"minecraft:calcite":29}},"DataVersion":3465}