{"stats":{"minecraft:custom":{"minecraft:mob_kills":33,"minecraft:interact_with_crafting_table":34,"minecraft:open_barrel":4,"minecraft:interact_with_campfire":11,"minecraft:bell_ring":1,"minecraft:damage_dealt_resisted":30,"minecraft:leave_game":5,"minecraft:time_since_death":60069,"minecraft:climb_one_cm":2699,"minecraft:sprint_one_cm":305735,"minecraft:walk_one_cm":220831,"minecraft:damage_blocked_by_shield":1057,"minecraft:drop":27,"minecraft:talked_to_villager":3,"minecraft:play_time":128712,"minecraft:deaths":4,"minecraft:sneak_time":356,"minecraft:walk_under_water_one_cm":6873,"minecraft:boat_one_cm":20,"minecraft:jump":2917,"minecraft:interact_with_brewingstand":1,"minecraft:walk_on_water_one_cm":14796,"minecraft:total_world_time":128712,"minecraft:interact_with_furnace":27,"minecraft:sleep_in_bed":3,"minecraft:time_since_rest":60097,"minecraft:waystone_activated":1,"minecraft:damage_taken":3858,"minecraft:damage_dealt":4916,"minecraft:swim_one_cm":29565,"minecraft:fly_one_cm":698874,"minecraft:open_chest":69,"minecraft:crouch_one_cm":559,"minecraft:fall_one_cm":82565},"minecraft:used":{"minecraft:stone_sword":91,"minecraft:stone_shovel":82,"minecraft:shield":16,"minecraft:iron_sword":26,"travelersbackpack:diamond":2,"minecraft:stone_hoe":29,"simpletomb:grave_key":4,"minecraft:iron_chestplate":1,"minecraft:torch":55,"minecraft:dirt":5,"minecraft:granite":1,"alexsmobs:maggot":3,"minecraft:birch_sapling":1,"minecraft:dark_oak_boat":2,"minecraft:furnace":2,"minecraft:cooked_beef":6,"minecraft:iron_leggings":1,"minecraft:cooked_mutton":4,"minecraft:diorite":2,"minecraft:stone_pickaxe":270,"minecraft:wooden_pickaxe":15,"minecraft:sand":2,"minecraft:crafting_table":7,"minecraft:campfire":5,"minecraft:white_bed":1,"minecraft:oak_log":1,"born_in_chaos_v1:monster_flesh":1,"minecraft:bread":56,"minecraft:stone_axe":76,"quark:dark_oak_chest":10,"minecraft:cobblestone":24},"minecraft:mined":{"iceandfire:graveyard_soil":3,"iceandfire:silver_ore":2,"minecraft:dark_oak_leaves":1,"minecraft:dark_oak_log":15,"minecraft:granite":1,"minecraft:grass_block":68,"minecraft:hay_block":28,"minecraft:iron_ore":35,"minecraft:fire":2,"minecraft:andesite":1,"treechop:chopped_log":4,"iceandfire:gold_pile":50,"minecraft:vine":4,"minecraft:stone":64,"minecraft:brown_mushroom":1,"minecraft:torch":1,"minecraft:dark_oak_wood":3,"minecraft:chest":1,"minecraft:campfire":1,"minecraft:tall_grass":33,"minecraft:cobblestone":8,"born_in_chaos_v1:chipped_black_argillite_brick":2,"minecraft:sugar_cane":3,"minecraft:diorite":2,"supplementaries:urn":3,"minecraft:skeleton_skull":1,"minecraft:grass":40,"minecraft:oak_log":1,"minecraft:coal_ore":101,"minecraft:sand":3,"minecraft:dirt":25,"minecraft:cobweb":1,"minecraft:oak_leaves":3},"minecraft:dropped":{"minecraft:bread":65,"minecraft:wheat_seeds":1,"minecraft:cooked_porkchop":2,"minecraft:dirt":3,"minecraft:bone_meal":1,"minecraft:wheat":1,"born_in_chaos_v1:rotten_fish":1,"minecraft:stone_pickaxe":1},"minecraft:crafted":{"minecraft:oak_planks":16,"minecraft:stone_shovel":2,"minecraft:dark_oak_boat":1,"minecraft:furnace":1,"quark:dark_oak_chest":10,"minecraft:stone_pickaxe":4,"minecraft:dark_oak_planks":116,"minecraft:stone_hoe":1,"minecraft:wheat":252,"minecraft:crafting_table":7,"minecraft:wooden_pickaxe":1,"minecraft:campfire":5,"minecraft:stone_axe":1,"minecraft:bread":93,"minecraft:air":0,"minecraft:iron_chestplate":1,"minecraft:charcoal":85,"minecraft:shield":1,"minecraft:stick":40,"minecraft:iron_ingot":19,"minecraft:stone_sword":1,"minecraft:iron_leggings":1,"minecraft:white_bed":1,"minecraft:torch":156,"minecraft:shears":1},"minecraft:broken":{"minecraft:stone_pickaxe":1},"minecraft:killed":{"minecraft:spider":1,"born_in_chaos_v1:maggot":3,"minecraft:skeleton":4,"alexsmobs:blue_jay":1,"born_in_chaos_v1:corpse_fish":1,"born_in_chaos_v1:firelight_not_despawn":1,"born_in_chaos_v1:barrel_zombie":1,"born_in_chaos_v1:decrepit_skeleton":1,"minecraft:sheep":6,"minecraft:zombie":4,"iceandfire:ghost":2,"born_in_chaos_v1:dread_hound":1,"born_in_chaos_v1:corpse_fly":1,"minecraft:cow":6},"minecraft:picked_up":{"minecraft:charcoal":28,"minecraft:prismarine_shard":4,"minecraft:brown_mushroom":1,"minecraft:string":1,"minecraft:raw_copper":2,"travelersbackpack:diamond":1,"minecraft:gold_nugget":422,"minecraft:beef":15,"minecraft:sugar_cane":9,"minecraft:chest":1,"minecraft:birch_sapling":2,"minecraft:golden_helmet":1,"minecraft:dark_oak_sapling":21,"minecraft:raw_iron":33,"minecraft:stick":19,"minecraft:torch":1,"minecraft:diorite":2,"minecraft:arrow":4,"minecraft:rotten_flesh":8,"minecraft:hay_block":28,"supplementaries:ash":6,"minecraft:mutton":8,"minecraft:cobblestone":66,"minecraft:skeleton_skull":2,"minecraft:white_wool":6,"minecraft:cooked_beef":7,"born_in_chaos_v1:monster_flesh":1,"minecraft:andesite":1,"minecraft:leather":6,"minecraft:dark_oak_boat":1,"minecraft:oak_log":5,"iceandfire:ectoplasm":1,"minecraft:lapis_lazuli":1,"minecraft:dirt":91,"minecraft:cooked_mutton":4,"minecraft:bone":7,"minecraft:bow":1,"minecraft:wheat_seeds":10,"minecraft:cooked_porkchop":2,"minecraft:dandelion":1,"minecraft:poisonous_potato":1,"minecraft:sand":2,"minecraft:dark_oak_log":162,"minecraft:spider_eye":1,"born_in_chaos_v1:fire_dust":1,"minecraft:slime_ball":1,"minecraft:granite":1,"minecraft:bone_meal":2,"minecraft:emerald":2,"minecraft:bread":49,"alexsmobs:maggot":3,"minecraft:oak_sapling":2,"born_in_chaos_v1:rotten_fish":1,"minecraft:dark_oak_wood":3,"minecraft:coal":100,"iceandfire:raw_silver":2},"minecraft:killed_by":{"minecraft:player":1}},"DataVersion":3465}