{"stats":{"minecraft:picked_up":{"minecraft:stick":1,"minecraft:stone_axe":1,"alexsmobs:acacia_blossom":3,"minecraft:acacia_log":7,"minecraft:hay_block":2,"minecraft:stone_pickaxe":1,"minecraft:acacia_sapling":1,"minecraft:cobblestone":8},"minecraft:mined":{"minecraft:hay_block":2,"minecraft:grass":5,"treechop:chopped_log":1},"minecraft:custom":{"minecraft:time_since_rest":0,"minecraft:play_time":3906,"minecraft:sprint_one_cm":12722,"minecraft:walk_one_cm":6693,"minecraft:sneak_time":1,"minecraft:jump":110,"minecraft:leave_game":1,"minecraft:time_since_death":3906,"minecraft:sleep_in_bed":1,"minecraft:total_world_time":3906,"minecraft:interact_with_crafting_table":3,"minecraft:fall_one_cm":1730,"minecraft:fly_one_cm":34292},"minecraft:used":{"minecraft:stone_sword":2,"minecraft:crafting_table":1},"minecraft:crafted":{"minecraft:stone_sword":1,"minecraft:acacia_planks":28,"minecraft:crafting_table":1,"minecraft:stick":4,"minecraft:wooden_pickaxe":1}},"DataVersion":3465}