{"stats":{"minecraft:custom":{"minecraft:interact_with_furnace":5,"minecraft:mob_kills":10,"minecraft:animals_bred":4,"minecraft:interact_with_crafting_table":16,"minecraft:tune_noteblock":5,"minecraft:open_barrel":27,"minecraft:leave_game":6,"minecraft:time_since_death":79198,"minecraft:sleep_in_bed":8,"minecraft:time_since_rest":47702,"minecraft:sprint_one_cm":143660,"minecraft:damage_taken":1482,"minecraft:walk_one_cm":128952,"minecraft:damage_blocked_by_shield":470,"minecraft:drop":16,"minecraft:minecart_one_cm":9933,"minecraft:damage_dealt":2280,"minecraft:play_noteblock":1,"minecraft:swim_one_cm":6095,"minecraft:talked_to_villager":1,"minecraft:fly_one_cm":229966,"minecraft:open_chest":19,"minecraft:crouch_one_cm":375,"minecraft:play_time":79198,"minecraft:sneak_time":122,"minecraft:walk_under_water_one_cm":8219,"minecraft:interact_with_brewingstand":1,"minecraft:jump":1040,"minecraft:interact_with_blast_furnace":1,"minecraft:walk_on_water_one_cm":8473,"minecraft:total_world_time":79198,"minecraft:fall_one_cm":21706},"minecraft:used":{"minecraft:wheat_seeds":2,"minecraft:stone_sword":26,"minecraft:stone_pickaxe":86,"minecraft:baked_potato":10,"minecraft:shield":9,"minecraft:torch":47,"minecraft:crafting_table":3,"quark:acacia_chest":1,"minecraft:granite":2,"minecraft:diamond_pickaxe":55,"minecraft:bread":28,"minecraft:stone_axe":48,"minecraft:diamond_sword":33,"minecraft:cobblestone":3,"minecraft:tall_grass":1,"minecraft:furnace":1,"minecraft:minecart":1},"minecraft:mined":{"quark:hollow_acacia_log":4,"minecraft:deepslate_diamond_ore":6,"born_in_chaos_v1:infected_diamond_ore":1,"minecraft:granite":4,"minecraft:tall_grass":2,"minecraft:spawner":6,"minecraft:skeleton_skull":1,"minecraft:hay_block":10,"minecraft:coarse_dirt":1,"minecraft:iron_ore":35,"minecraft:wheat":3,"minecraft:andesite":4,"treechop:chopped_log":6,"minecraft:grass":39,"minecraft:coal_ore":51,"minecraft:cobweb":1,"minecraft:stone":16,"minecraft:stone_bricks":1,"minecraft:mossy_stone_bricks":4,"minecraft:gold_ore":8,"minecraft:deepslate":1},"minecraft:dropped":{"minecraft:iron_ingot":7,"minecraft:stone_axe":1,"minecraft:brown_mushroom":2,"minecraft:wheat_seeds":1,"minecraft:stone_sword":1,"minecraft:tall_grass":1,"born_in_chaos_v1:monster_flesh":2,"born_in_chaos_v1:monster_skin":1,"minecraft:diamond_chestplate":1,"minecraft:torch":54,"minecraft:acacia_sapling":1,"minecraft:diamond_boots":1,"minecraft:stone_pickaxe":2},"minecraft:crafted":{"minecraft:crafting_table":3,"minecraft:wooden_pickaxe":1,"minecraft:iron_helmet":1,"minecraft:furnace":1,"minecraft:bread":24,"minecraft:air":0,"quark:acacia_chest":1,"minecraft:iron_boots":1,"minecraft:iron_chestplate":1,"minecraft:charcoal":27,"minecraft:shield":1,"minecraft:stick":68,"minecraft:stone_pickaxe":1,"minecraft:stone_sword":1,"minecraft:iron_leggings":1,"minecraft:acacia_planks":96,"minecraft:torch":108,"minecraft:minecart":1,"minecraft:wheat":90},"minecraft:killed":{"born_in_chaos_v1:siamese_skeletonsright":1,"minecraft:skeleton":5,"born_in_chaos_v1:dread_hound":2,"born_in_chaos_v1:siamese_skeletonsleft":1},"minecraft:picked_up":{"born_in_chaos_v1:fused_bone":2,"minecraft:wheat":4,"born_in_chaos_v1:monster_flesh":2,"minecraft:andesite":4,"minecraft:brown_mushroom":2,"alexsmobs:acacia_blossom":4,"minecraft:diamond_sword":1,"minecraft:red_mushroom":2,"quark:hollow_acacia_log":4,"minecraft:string":1,"minecraft:moss_carpet":3,"born_in_chaos_v1:monster_skin":1,"minecraft:bone":8,"minecraft:stone_bricks":2,"minecraft:wheat_seeds":15,"minecraft:cobbled_deepslate":1,"minecraft:raw_gold":8,"minecraft:iron_ingot":7,"minecraft:stone_pickaxe":3,"minecraft:mossy_stone_bricks":4,"minecraft:tall_grass":1,"minecraft:minecart":1,"minecraft:acacia_sapling":5,"minecraft:stick":9,"minecraft:raw_iron":34,"artifacts:charm_of_sinking":1,"minecraft:torch":13,"minecraft:acacia_log":51,"minecraft:diorite":1,"minecraft:stone_sword":1,"minecraft:arrow":9,"minecraft:diamond_chestplate":1,"minecraft:diamond":6,"minecraft:stone_axe":2,"minecraft:diamond_boots":1,"minecraft:hay_block":10,"minecraft:granite":5,"minecraft:coal":52,"minecraft:skeleton_skull":1,"minecraft:cobblestone":25,"minecraft:diamond_pickaxe":1}},"DataVersion":3465}