{"stats":{"minecraft:custom":{"minecraft:interact_with_smithing_table":1,"minecraft:mob_kills":56,"minecraft:interact_with_crafting_table":69,"minecraft:open_barrel":56,"minecraft:interact_with_campfire":11,"minecraft:bell_ring":1,"minecraft:damage_dealt_resisted":390,"minecraft:leave_game":6,"minecraft:time_since_death":7058,"minecraft:climb_one_cm":6905,"minecraft:sprint_one_cm":488745,"minecraft:walk_one_cm":503658,"minecraft:damage_blocked_by_shield":1432,"minecraft:drop":167,"minecraft:talked_to_villager":3,"minecraft:play_time":252043,"minecraft:sneak_time":1551,"minecraft:deaths":5,"minecraft:walk_under_water_one_cm":12753,"minecraft:boat_one_cm":20,"minecraft:interact_with_brewingstand":1,"minecraft:jump":5065,"minecraft:interact_with_blast_furnace":11,"minecraft:walk_on_water_one_cm":32067,"minecraft:total_world_time":252043,"minecraft:interact_with_furnace":29,"minecraft:sleep_in_bed":4,"minecraft:time_since_rest":7082,"minecraft:waystone_activated":1,"minecraft:damage_taken":7075,"minecraft:damage_dealt":11686,"minecraft:swim_one_cm":66258,"minecraft:fly_one_cm":1106399,"minecraft:open_chest":79,"minecraft:crouch_one_cm":3739,"minecraft:fall_one_cm":130432},"minecraft:used":{"minecraft:iron_shovel":3,"minecraft:stone_sword":91,"minecraft:stone_shovel":86,"minecraft:redstone":1,"minecraft:spruce_planks":4,"minecraft:shield":24,"minecraft:iron_sword":89,"minecraft:player_head":4,"travelersbackpack:diamond":2,"minecraft:stone_hoe":29,"simpletomb:grave_key":5,"minecraft:iron_chestplate":1,"minecraft:torch":161,"minecraft:dirt":5,"minecraft:mutton":1,"born_in_chaos_v1:soul_cutlass":20,"minecraft:tuff":6,"minecraft:granite":2,"mowziesmobs:wrought_helmet":1,"minecraft:dark_oak_planks":3,"alexsmobs:maggot":3,"minecraft:birch_sapling":1,"minecraft:acacia_slab":1,"mowziesmobs:umvuthana_mask_rage":1,"minecraft:bow":5,"minecraft:dark_oak_boat":2,"minecraft:furnace":2,"minecraft:cooked_beef":6,"minecraft:cobbled_deepslate":45,"minecraft:iron_leggings":1,"minecraft:cooked_mutton":4,"minecraft:water_bucket":11,"minecraft:diorite":2,"minecraft:baked_potato":18,"minecraft:stone_pickaxe":294,"minecraft:oak_planks":8,"minecraft:wooden_pickaxe":15,"minecraft:brown_mushroom":2,"minecraft:cobblestone_slab":2,"minecraft:sand":2,"minecraft:crafting_table":12,"minecraft:magenta_bed":3,"minecraft:blast_furnace":1,"born_in_chaos_v1:holiday_candy":16,"minecraft:white_bed":1,"minecraft:campfire":5,"mowziesmobs:wrought_axe":21,"justhammers:iron_hammer":582,"minecraft:redstone_torch":1,"minecraft:oak_log":1,"minecraft:diamond_pickaxe":300,"born_in_chaos_v1:monster_flesh":1,"minecraft:bread":94,"minecraft:iron_pickaxe":248,"minecraft:stone_axe":79,"minecraft:diamond_sword":73,"quark:dark_oak_chest":10,"minecraft:cobblestone":46,"minecraft:bucket":13},"minecraft:dropped":{"minecraft:water_bucket":1,"minecraft:bread":65,"minecraft:iron_sword":1,"minecraft:wheat_seeds":10,"minecraft:golden_helmet":1,"minecraft:golden_pickaxe":1,"minecraft:mossy_cobblestone":2,"minecraft:cooked_porkchop":2,"minecraft:cobblestone":504,"minecraft:amethyst_block":8,"minecraft:granite":95,"minecraft:cracked_stone_bricks":1,"minecraft:red_mushroom":2,"minecraft:magenta_bed":1,"minecraft:flint":1,"born_in_chaos_v1:pumpkin_staff":1,"minecraft:dirt":25,"born_in_chaos_v1:black_argillite":1,"minecraft:diorite":44,"minecraft:bone_meal":1,"minecraft:iron_pickaxe":2,"minecraft:string":1,"minecraft:dark_oak_planks":1,"minecraft:smooth_basalt":32,"minecraft:bone":11,"minecraft:stone_axe":1,"minecraft:sugar_cane":20,"minecraft:stone_sword":1,"minecraft:cobbled_deepslate":2869,"minecraft:raw_copper":5,"minecraft:tuff":121,"minecraft:wheat":1,"born_in_chaos_v1:rotten_fish":1,"minecraft:rotten_flesh":4,"minecraft:light_gray_wool":1,"justhammers:iron_hammer":9,"quark:blossom_chest":1,"supplementaries:ash":15,"minecraft:cobblestone_slab":3,"minecraft:shield":1,"minecraft:andesite":76,"minecraft:acacia_slab":1,"minecraft:barrel":1,"minecraft:spider_eye":1,"minecraft:iron_bars":1,"minecraft:stone_pickaxe":4,"minecraft:calcite":27,"minecraft:netherrack":8},"minecraft:mined":{"minecraft:dark_oak_planks":2,"minecraft:spruce_planks":10,"iceandfire:graveyard_soil":3,"iceandfire:silver_ore":2,"minecraft:mossy_cobblestone":2,"minecraft:dark_oak_leaves":1,"minecraft:deepslate_diamond_ore":10,"minecraft:dark_oak_log":15,"born_in_chaos_v1:infected_diamond_ore":1,"minecraft:granite":28,"minecraft:grass_block":76,"born_in_chaos_v1:black_argillite":3,"minecraft:acacia_slab":1,"minecraft:hay_block":28,"quark:blossom_chest":1,"minecraft:iron_ore":105,"minecraft:fire":2,"minecraft:andesite":33,"treechop:chopped_log":4,"iceandfire:gold_pile":50,"minecraft:deepslate_iron_ore":3,"minecraft:vine":6,"minecraft:iron_bars":1,"minecraft:stone":335,"minecraft:player_head":4,"minecraft:redstone_wall_torch":1,"minecraft:deepslate_redstone_ore":2,"minecraft:brown_mushroom":2,"minecraft:polished_granite":4,"minecraft:torch":1,"minecraft:dark_oak_wood":5,"minecraft:blast_furnace":1,"minecraft:chest":1,"minecraft:lectern":2,"minecraft:campfire":1,"minecraft:copper_ore":4,"minecraft:tall_grass":46,"minecraft:cobblestone":14,"born_in_chaos_v1:chipped_black_argillite_brick":2,"minecraft:sugar_cane":3,"minecraft:damaged_anvil":1,"travelersbackpack:diamond":1,"minecraft:diorite":20,"minecraft:wall_torch":3,"supplementaries:urn":7,"minecraft:skeleton_skull":1,"minecraft:magenta_bed":3,"minecraft:spruce_log":1,"minecraft:grass":59,"minecraft:oak_log":1,"minecraft:coal_ore":106,"minecraft:sand":3,"minecraft:dirt":43,"minecraft:cobweb":3,"minecraft:cracked_stone_bricks":1,"born_in_chaos_v1:infernal_evil_pumpkin_s":1,"minecraft:gold_ore":4,"minecraft:chipped_anvil":1,"minecraft:oak_leaves":3,"minecraft:deepslate":77},"minecraft:crafted":{"minecraft:oak_planks":16,"minecraft:stone_shovel":2,"minecraft:dark_oak_boat":1,"minecraft:furnace":1,"quark:dark_oak_chest":10,"minecraft:bow":1,"minecraft:iron_boots":1,"minecraft:stone_pickaxe":4,"minecraft:dark_oak_planks":116,"minecraft:stone_hoe":1,"minecraft:wheat":252,"minecraft:diamond_sword":1,"minecraft:crafting_table":12,"minecraft:spruce_planks":4,"minecraft:wooden_pickaxe":1,"minecraft:bucket":2,"minecraft:campfire":5,"minecraft:stone_axe":1,"minecraft:bread":93,"minecraft:air":0,"justhammers:iron_hammer":9,"minecraft:iron_chestplate":1,"minecraft:charcoal":85,"minecraft:shield":2,"minecraft:stick":72,"minecraft:iron_ingot":70,"minecraft:iron_pickaxe":2,"minecraft:stone_sword":1,"minecraft:iron_leggings":1,"minecraft:white_bed":1,"minecraft:torch":156,"minecraft:shears":1},"minecraft:broken":{"minecraft:stone_pickaxe":1,"minecraft:iron_pickaxe":1},"minecraft:killed":{"minecraft:witch":1,"born_in_chaos_v1:sir_the_headless":1,"minecraft:spider":2,"minecraft:slime":1,"born_in_chaos_v1:maggot":3,"born_in_chaos_v1:pumpkinhead":1,"minecraft:skeleton":9,"mowziesmobs:ferrous_wroughtnaut":1,"alexsmobs:blue_jay":1,"born_in_chaos_v1:corpse_fish":1,"minecraft:drowned":1,"born_in_chaos_v1:firelight_not_despawn":1,"born_in_chaos_v1:barrel_zombie":2,"born_in_chaos_v1:felsteed":1,"born_in_chaos_v1:diamond_termite":1,"born_in_chaos_v1:decrepit_skeleton":1,"minecraft:sheep":7,"endermanoverhaul:cave_enderman":1,"minecraft:zombie":8,"iceandfire:ghost":2,"born_in_chaos_v1:dread_hound":1,"born_in_chaos_v1:corpse_fly":1,"minecraft:cow":6},"minecraft:picked_up":{"minecraft:charcoal":28,"born_in_chaos_v1:diamond_termite_shard":1,"minecraft:prismarine_shard":4,"minecraft:golden_pickaxe":1,"minecraft:brown_mushroom":3,"minecraft:amethyst_block":8,"born_in_chaos_v1:holiday_candy":32,"born_in_chaos_v1:black_argillite":19,"minecraft:string":4,"minecraft:raw_copper":53,"travelersbackpack:diamond":2,"minecraft:cracked_stone_bricks":1,"minecraft:diamond_leggings":1,"minecraft:gold_nugget":422,"minecraft:cobbled_deepslate":3338,"minecraft:spruce_planks":10,"minecraft:beef":15,"minecraft:player_head":4,"minecraft:cobblestone_slab":5,"minecraft:redstone_torch":1,"minecraft:calcite":27,"minecraft:light_gray_wool":1,"minecraft:lectern":2,"minecraft:sugar_cane":9,"minecraft:chest":1,"minecraft:birch_sapling":2,"minecraft:dark_oak_sapling":21,"minecraft:golden_helmet":1,"minecraft:stick":19,"minecraft:raw_iron":186,"minecraft:torch":19,"minecraft:diorite":81,"minecraft:redstone":138,"minecraft:dark_oak_planks":2,"minecraft:arrow":7,"minecraft:rotten_flesh":13,"minecraft:hay_block":28,"quark:blossom_chest":1,"supplementaries:ash":15,"minecraft:iron_bars":1,"minecraft:mutton":9,"minecraft:skeleton_skull":2,"minecraft:white_wool":6,"minecraft:cobblestone":615,"minecraft:cooked_beef":7,"born_in_chaos_v1:monster_flesh":1,"born_in_chaos_v1:pumpkin_staff":1,"minecraft:andesite":96,"minecraft:leather":6,"minecraft:dark_oak_boat":1,"minecraft:red_mushroom":2,"minecraft:tuff":257,"minecraft:oak_log":5,"supplementaries:flax_seeds":2,"iceandfire:ectoplasm":1,"minecraft:magenta_bed":4,"mowziesmobs:wrought_axe":1,"minecraft:lapis_lazuli":96,"minecraft:dirt":117,"minecraft:polished_granite":3,"minecraft:cooked_mutton":4,"minecraft:bone":12,"minecraft:chipped_anvil":1,"born_in_chaos_v1:soul_cutlass":1,"mowziesmobs:umvuthana_mask_rage":1,"minecraft:bow":2,"minecraft:wheat_seeds":19,"minecraft:raw_gold":14,"minecraft:iron_ore":175,"minecraft:oak_planks":23,"minecraft:smooth_basalt":32,"minecraft:cooked_porkchop":2,"minecraft:dandelion":1,"minecraft:poisonous_potato":1,"justhammers:iron_hammer":1,"minecraft:sand":2,"mowziesmobs:wrought_helmet":1,"minecraft:blast_furnace":1,"minecraft:spruce_log":1,"minecraft:barrel":1,"minecraft:dark_oak_log":162,"minecraft:spider_eye":4,"minecraft:mossy_cobblestone":2,"minecraft:sugar":1,"minecraft:slime_ball":2,"born_in_chaos_v1:fire_dust":1,"minecraft:diamond":10,"minecraft:granite":152,"minecraft:bone_meal":2,"minecraft:acacia_slab":2,"minecraft:damaged_anvil":1,"minecraft:bread":49,"minecraft:emerald":2,"alexsmobs:maggot":3,"minecraft:oak_sapling":2,"born_in_chaos_v1:rotten_fish":1,"minecraft:netherrack":8,"minecraft:dark_oak_wood":3,"minecraft:coal":150,"iceandfire:raw_silver":2},"minecraft:killed_by":{"minecraft:player":1}},"DataVersion":3465}