{"stats":{"minecraft:custom":{"minecraft:time_since_rest":4570,"minecraft:sprint_one_cm":57062,"minecraft:damage_taken":1033,"minecraft:walk_one_cm":27587,"minecraft:mob_kills":5,"minecraft:damage_dealt":832,"minecraft:swim_one_cm":2730,"minecraft:interact_with_crafting_table":5,"minecraft:fly_one_cm":78032,"minecraft:play_time":21672,"minecraft:interact_with_campfire":1,"minecraft:deaths":3,"minecraft:sneak_time":6,"minecraft:walk_under_water_one_cm":5080,"minecraft:jump":402,"minecraft:leave_game":3,"minecraft:time_since_death":4543,"minecraft:walk_on_water_one_cm":4784,"minecraft:total_world_time":21672,"minecraft:fall_one_cm":14049},"minecraft:used":{"minecraft:cooked_mutton":1,"alexsmobs:maggot":3,"minecraft:stone_sword":20,"born_in_chaos_v1:monster_flesh":1,"minecraft:stone_pickaxe":16,"minecraft:wooden_pickaxe":15,"simpletomb:grave_key":3,"minecraft:stone_axe":29,"minecraft:sand":2,"minecraft:crafting_table":2,"minecraft:campfire":1},"minecraft:mined":{"supplementaries:urn":2,"minecraft:dark_oak_leaves":1,"minecraft:iron_ore":8,"minecraft:dark_oak_log":12,"minecraft:andesite":1,"treechop:chopped_log":2,"minecraft:grass":2,"minecraft:grass_block":2,"minecraft:coal_ore":1,"minecraft:sand":3,"minecraft:dirt":6,"minecraft:stone":13},"minecraft:crafted":{"minecraft:oak_planks":16,"minecraft:crafting_table":2,"minecraft:stick":16,"minecraft:wooden_pickaxe":1,"minecraft:stone_pickaxe":1,"minecraft:stone_sword":1,"minecraft:dark_oak_planks":100,"minecraft:campfire":1,"minecraft:stone_axe":1},"minecraft:killed":{"born_in_chaos_v1:barrel_zombie":1,"minecraft:sheep":1,"alexsmobs:blue_jay":1,"born_in_chaos_v1:dread_hound":1,"born_in_chaos_v1:corpse_fly":1},"minecraft:picked_up":{"minecraft:dark_oak_sapling":8,"minecraft:stick":12,"minecraft:raw_iron":8,"born_in_chaos_v1:monster_flesh":1,"minecraft:prismarine_shard":4,"minecraft:andesite":1,"minecraft:poisonous_potato":1,"minecraft:sand":2,"minecraft:oak_log":4,"minecraft:dark_oak_log":89,"minecraft:lapis_lazuli":1,"minecraft:dirt":8,"minecraft:raw_copper":2,"minecraft:cooked_mutton":1,"minecraft:bone":3,"minecraft:rotten_flesh":1,"minecraft:slime_ball":1,"minecraft:wheat_seeds":1,"minecraft:emerald":2,"alexsmobs:maggot":3,"minecraft:oak_sapling":2,"minecraft:mutton":1,"minecraft:coal":1,"minecraft:white_wool":1,"minecraft:cobblestone":12},"minecraft:killed_by":{"minecraft:player":1}},"DataVersion":3465}