{
  "iceandfire:iceandfire/root": {
    "criteria": {
      "tick": "2024-06-30 22:32:25 +0000"
    },
    "done": true
  },
  "alexscaves:alexscaves/ride_nuclear_bomb": {
    "criteria": {
      "ride_a_boat_with_a_goat": "2024-06-30 23:21:46 +0000"
    },
    "done": true
  },
  "mutantmonsters:root": {
    "criteria": {
      "killed_something": "2024-06-30 22:33:59 +0000"
    },
    "done": true
  },
  "minecraft:story/obtain_armor": {
    "criteria": {
      "iron_helmet": "2024-06-30 23:30:33 +0000"
    },
    "done": true
  },
  "minecraft:adventure/sleep_in_bed": {
    "criteria": {
      "slept_in_bed": "2024-06-30 22:53:47 +0000"
    },
    "done": true
  },
  "alexscaves:alexscaves/root": {
    "criteria": {
      "underground_cabin": "2024-06-30 23:12:05 +0000"
    },
    "done": true
  },
  "alexscaves:alexscaves/discover_forlorn_hollows": {
    "criteria": {
      "discover": "2024-06-30 23:07:54 +0000"
    },
    "done": true
  },
  "minecraft:adventure/root": {
    "criteria": {
      "killed_something": "2024-06-30 22:33:59 +0000"
    },
    "done": true
  },
  "alexscaves:alexscaves/ride_submarine": {
    "criteria": {
      "ride_a_boat_with_a_goat": "2024-06-30 23:04:02 +0000"
    },
    "done": true
  },
  "minecraft:adventure/kill_all_mobs": {
    "criteria": {
      "minecraft:skeleton": "2024-06-30 22:33:59 +0000"
    },
    "done": false
  },
  "travelersbackpack:standard_from_custom": {
    "criteria": {
      "has_the_recipe": "2024-06-30 22:32:25 +0000"
    },
    "done": true
  },
  "alexscaves:alexscaves/discover_abyssal_ruins": {
    "criteria": {
      "abyssal_ruins": "2024-06-30 23:16:32 +0000"
    },
    "done": true
  },
  "mowziesmobs:root": {
    "criteria": {
      "custom_test_name": "2024-06-30 22:32:25 +0000"
    },
    "done": true
  },
  "alexscaves:alexscaves/discover_primordial_caves": {
    "criteria": {
      "discover": "2024-06-30 23:24:32 +0000"
    },
    "done": true
  },
  "alexscaves:alexscaves/discover_abyssal_chasm": {
    "criteria": {
      "discover": "2024-06-30 23:13:54 +0000"
    },
    "done": true
  },
  "alexscaves:alexscaves/tremorzilla_egg": {
    "criteria": {
      "quarry": "2024-06-30 23:27:17 +0000"
    },
    "done": true
  },
  "betterdungeons:root": {
    "criteria": {
      "always": "2024-06-30 22:32:25 +0000"
    },
    "done": true
  },
  "minecraft:adventure/kill_a_mob": {
    "criteria": {
      "minecraft:skeleton": "2024-06-30 22:33:59 +0000"
    },
    "done": true
  },
  "minecraft:adventure/adventuring_time": {
    "criteria": {
      "minecraft:taiga": "2024-06-30 22:50:04 +0000",
      "minecraft:deep_ocean": "2024-06-30 23:17:09 +0000",
      "minecraft:frozen_river": "2024-06-30 22:45:59 +0000",
      "minecraft:river": "2024-06-30 22:46:04 +0000",
      "minecraft:snowy_plains": "2024-06-30 22:32:26 +0000",
      "minecraft:dripstone_caves": "2024-06-30 23:08:39 +0000",
      "minecraft:snowy_taiga": "2024-06-30 23:11:13 +0000",
      "minecraft:forest": "2024-06-30 22:49:41 +0000",
      "minecraft:lush_caves": "2024-06-30 23:11:57 +0000",
      "minecraft:ice_spikes": "2024-06-30 22:33:25 +0000",
      "minecraft:frozen_ocean": "2024-06-30 23:10:42 +0000",
      "minecraft:snowy_beach": "2024-06-30 23:11:07 +0000",
      "minecraft:plains": "2024-06-30 22:34:10 +0000"
    },
    "done": false
  },
  "alexscaves:alexscaves/discover_magnetic_caves": {
    "criteria": {
      "discover": "2024-06-30 23:29:26 +0000"
    },
    "done": true
  },
  "iceandfire:iceandfire/kill_ghost": {
    "criteria": {
      "killed_fire_dragon": "2024-06-30 22:44:52 +0000"
    },
    "done": true
  },
  "dungeons_arise:wda_root": {
    "criteria": {
      "WDA": "2024-06-30 22:32:25 +0000"
    },
    "done": true
  },
  "quark:get_all_blossom_saplings": {
    "criteria": {
      "blue": "2024-06-30 22:38:48 +0000"
    },
    "done": false
  },
  "quark:throw_pickarang": {
    "criteria": {
      "throw_pickarang": "2024-06-30 23:21:05 +0000"
    },
    "done": true
  },
  "minecraft:husbandry/balanced_diet": {
    "criteria": {
      "sweet_berries": "2024-06-30 22:57:47 +0000",
      "apple": "2024-06-30 22:38:21 +0000",
      "bread": "2024-06-30 22:48:48 +0000"
    },
    "done": false
  },
  "alexscaves:alexscaves/cave_map": {
    "criteria": {
      "cave_map": "2024-06-30 23:04:16 +0000"
    },
    "done": true
  },
  "alexscaves:alexscaves/deepsight": {
    "criteria": {
      "all_effects": "2024-06-30 23:08:12 +0000"
    },
    "done": true
  },
  "dungeons_arise:find_bathhouse": {
    "criteria": {
      "location0": "2024-06-30 22:50:13 +0000"
    },
    "done": true
  },
  "minecraft:story/mine_stone": {
    "criteria": {
      "get_stone": "2024-06-30 22:34:52 +0000"
    },
    "done": true
  },
  "minecraft:husbandry/root": {
    "criteria": {
      "consumed_item": "2024-06-30 22:38:21 +0000"
    },
    "done": true
  },
  "minecraft:story/upgrade_tools": {
    "criteria": {
      "stone_pickaxe": "2024-06-30 22:36:21 +0000"
    },
    "done": true
  },
  "alexscaves:alexscaves/stalked_by_deep_one": {
    "criteria": {
      "stalked_by_deep_one": "2024-06-30 23:15:18 +0000"
    },
    "done": true
  },
  "alexscaves:alexscaves/enter_acid_with_armor": {
    "criteria": {
      "enter_acid_with_armor": "2024-06-30 23:20:39 +0000"
    },
    "done": true
  },
  "cataclysm:root": {
    "criteria": {
      "custom_test_name": "2024-06-30 22:32:25 +0000"
    },
    "done": true
  },
  "alexscaves:alexscaves/discover_toxic_caves": {
    "criteria": {
      "discover": "2024-06-30 23:18:58 +0000"
    },
    "done": true
  },
  "alexscaves:alexscaves/summon_luxtructosaurus": {
    "criteria": {
      "summon_luxtructosaurus": "2024-06-30 23:26:55 +0000"
    },
    "done": true
  },
  "repurposed_structures:root": {
    "criteria": {
      "always": "2024-06-30 22:32:25 +0000"
    },
    "done": true
  },
  "DataVersion": 3465
}