{
  "iceandfire:iceandfire/root": {
    "criteria": {
      "tick": "2024-07-28 22:07:57 +0000"
    },
    "done": true
  },
  "travelersbackpack:standard_from_custom": {
    "criteria": {
      "has_the_recipe": "2024-07-28 22:07:57 +0000"
    },
    "done": true
  },
  "mowziesmobs:root": {
    "criteria": {
      "custom_test_name": "2024-07-28 22:07:57 +0000"
    },
    "done": true
  },
  "betterdungeons:root": {
    "criteria": {
      "always": "2024-07-28 22:07:57 +0000"
    },
    "done": true
  },
  "dungeons_arise:wda_root": {
    "criteria": {
      "WDA": "2024-07-28 22:07:57 +0000"
    },
    "done": true
  },
  "cataclysm:root": {
    "criteria": {
      "custom_test_name": "2024-07-28 22:07:57 +0000"
    },
    "done": true
  },
  "repurposed_structures:root": {
    "criteria": {
      "always": "2024-07-28 22:07:57 +0000"
    },
    "done": true
  },
  "minecraft:adventure/adventuring_time": {
    "criteria": {
      "minecraft:sunflower_plains": "2024-08-13 23:23:47 +0000",
      "minecraft:birch_forest": "2024-08-13 23:01:05 +0000",
      "minecraft:windswept_hills": "2024-08-13 23:47:09 +0000",
      "minecraft:beach": "2024-08-13 22:37:40 +0000",
      "minecraft:dark_forest": "2024-07-28 22:07:59 +0000",
      "minecraft:river": "2024-08-13 22:43:14 +0000",
      "minecraft:dripstone_caves": "2024-08-14 00:02:25 +0000",
      "minecraft:swamp": "2024-08-13 23:47:37 +0000",
      "minecraft:forest": "2024-08-13 23:00:23 +0000",
      "minecraft:lush_caves": "2024-08-13 22:50:08 +0000",
      "minecraft:windswept_savanna": "2024-08-13 23:51:15 +0000",
      "minecraft:flower_forest": "2024-08-13 23:24:10 +0000",
      "minecraft:old_growth_birch_forest": "2024-08-13 23:00:16 +0000",
      "minecraft:plains": "2024-08-13 23:04:40 +0000"
    },
    "done": false
  },
  "mutantmonsters:root": {
    "criteria": {
      "killed_something": "2024-07-28 22:18:59 +0000"
    },
    "done": true
  },
  "minecraft:adventure/root": {
    "criteria": {
      "killed_something": "2024-07-28 22:18:59 +0000"
    },
    "done": true
  },
  "minecraft:husbandry/balanced_diet": {
    "criteria": {
      "cooked_porkchop": "2024-08-13 22:54:37 +0000",
      "cooked_beef": "2024-08-13 23:24:50 +0000",
      "apple": "2024-07-28 22:21:48 +0000",
      "bread": "2024-08-13 23:12:00 +0000",
      "mushroom_stew": "2024-08-13 22:44:47 +0000"
    },
    "done": false
  },
  "minecraft:husbandry/root": {
    "criteria": {
      "consumed_item": "2024-07-28 22:21:48 +0000"
    },
    "done": true
  },
  "minecraft:story/mine_stone": {
    "criteria": {
      "get_stone": "2024-08-13 22:27:36 +0000"
    },
    "done": true
  },
  "minecraft:story/upgrade_tools": {
    "criteria": {
      "stone_pickaxe": "2024-08-13 22:28:20 +0000"
    },
    "done": true
  },
  "minecraft:story/root": {
    "criteria": {
      "crafting_table": "2024-08-13 22:28:53 +0000"
    },
    "done": true
  },
  "minecraft:adventure/sleep_in_bed": {
    "criteria": {
      "slept_in_bed": "2024-08-13 22:59:35 +0000"
    },
    "done": true
  },
  "minecraft:nether/obtain_blaze_rod": {
    "criteria": {
      "blaze_rod": "2024-08-13 23:03:41 +0000"
    },
    "done": true
  },
  "iceandfire:iceandfire/bestiary": {
    "criteria": {
      "bestiary": "2024-08-13 23:05:39 +0000"
    },
    "done": true
  },
  "minecraft:story/smelt_iron": {
    "criteria": {
      "iron": "2024-08-13 23:06:45 +0000"
    },
    "done": true
  },
  "iceandfire:iceandfire/kill_ghost": {
    "criteria": {
      "killed_fire_dragon": "2024-08-13 23:11:54 +0000"
    },
    "done": true
  },
  "minecraft:adventure/kill_all_mobs": {
    "criteria": {
      "minecraft:skeleton": "2024-08-14 00:12:29 +0000",
      "minecraft:spider": "2024-08-13 23:35:37 +0000",
      "minecraft:creeper": "2024-08-13 23:59:41 +0000",
      "minecraft:slime": "2024-08-14 00:12:40 +0000",
      "minecraft:zombie": "2024-08-13 23:15:29 +0000"
    },
    "done": false
  },
  "minecraft:adventure/kill_a_mob": {
    "criteria": {
      "minecraft:zombie": "2024-08-13 23:15:29 +0000"
    },
    "done": true
  },
  "minecraft:story/iron_tools": {
    "criteria": {
      "iron_pickaxe": "2024-08-13 23:40:37 +0000"
    },
    "done": true
  },
  "minecraft:story/obtain_armor": {
    "criteria": {
      "iron_boots": "2024-08-13 23:50:57 +0000"
    },
    "done": true
  },
  "alexscaves:alexscaves/root": {
    "criteria": {
      "underground_cabin": "2024-08-14 00:01:24 +0000"
    },
    "done": true
  },
  "artifacts:amateur_archaeologist": {
    "criteria": {
      "find_artifact": "2024-08-13 23:59:56 +0000"
    },
    "done": true
  },
  "alexscaves:alexscaves/cave_tablet": {
    "criteria": {
      "cave_tablet": "2024-08-14 00:01:51 +0000"
    },
    "done": true
  },
  "minecraft:story/mine_diamond": {
    "criteria": {
      "diamond": "2024-08-14 00:01:42 +0000"
    },
    "done": true
  },
  "DataVersion": 3465
}