{
  "iceandfire:iceandfire/root": {
    "criteria": {
      "tick": "2024-07-28 22:18:24 +0000"
    },
    "done": true
  },
  "travelersbackpack:standard_from_custom": {
    "criteria": {
      "has_the_recipe": "2024-07-28 22:18:24 +0000"
    },
    "done": true
  },
  "mowziesmobs:root": {
    "criteria": {
      "custom_test_name": "2024-07-28 22:18:24 +0000"
    },
    "done": true
  },
  "betterdungeons:root": {
    "criteria": {
      "always": "2024-07-28 22:18:24 +0000"
    },
    "done": true
  },
  "dungeons_arise:wda_root": {
    "criteria": {
      "WDA": "2024-07-28 22:18:24 +0000"
    },
    "done": true
  },
  "cataclysm:root": {
    "criteria": {
      "custom_test_name": "2024-07-28 22:18:24 +0000"
    },
    "done": true
  },
  "repurposed_structures:root": {
    "criteria": {
      "always": "2024-07-28 22:18:24 +0000"
    },
    "done": true
  },
  "minecraft:adventure/adventuring_time": {
    "criteria": {
      "minecraft:sunflower_plains": "2024-08-13 23:37:13 +0000",
      "minecraft:birch_forest": "2024-08-13 22:54:31 +0000",
      "minecraft:windswept_hills": "2024-08-13 23:39:35 +0000",
      "minecraft:beach": "2024-07-29 01:30:10 +0000",
      "minecraft:dark_forest": "2024-07-28 22:18:25 +0000",
      "minecraft:river": "2024-08-13 22:51:23 +0000",
      "minecraft:dripstone_caves": "2024-08-13 23:50:53 +0000",
      "minecraft:swamp": "2024-08-13 23:57:58 +0000",
      "minecraft:forest": "2024-08-13 22:54:49 +0000",
      "minecraft:lush_caves": "2024-07-29 01:28:34 +0000",
      "minecraft:ocean": "2024-07-29 01:30:49 +0000",
      "minecraft:flower_forest": "2024-08-14 00:10:34 +0000",
      "minecraft:old_growth_birch_forest": "2024-08-13 22:57:39 +0000",
      "minecraft:plains": "2024-08-13 22:56:48 +0000"
    },
    "done": false
  },
  "mutantmonsters:root": {
    "criteria": {
      "killed_by_something": "2024-07-28 22:18:59 +0000"
    },
    "done": true
  },
  "minecraft:adventure/root": {
    "criteria": {
      "killed_by_something": "2024-07-28 22:18:59 +0000"
    },
    "done": true
  },
  "minecraft:story/root": {
    "criteria": {
      "crafting_table": "2024-07-29 01:23:52 +0000"
    },
    "done": true
  },
  "minecraft:story/mine_stone": {
    "criteria": {
      "get_stone": "2024-07-29 01:24:23 +0000"
    },
    "done": true
  },
  "minecraft:story/upgrade_tools": {
    "criteria": {
      "stone_pickaxe": "2024-07-29 01:24:52 +0000"
    },
    "done": true
  },
  "minecraft:husbandry/root": {
    "criteria": {
      "consumed_item": "2024-07-29 01:28:08 +0000"
    },
    "done": true
  },
  "minecraft:husbandry/balanced_diet": {
    "criteria": {
      "cooked_mutton": "2024-08-13 22:39:12 +0000",
      "cooked_beef": "2024-08-13 22:59:55 +0000",
      "bread": "2024-08-13 23:13:07 +0000"
    },
    "done": false
  },
  "dungeons_arise:find_mushroom_mines": {
    "criteria": {
      "location0": "2024-08-13 22:41:00 +0000"
    },
    "done": true
  },
  "minecraft:adventure/sleep_in_bed": {
    "criteria": {
      "slept_in_bed": "2024-08-13 22:48:42 +0000"
    },
    "done": true
  },
  "minecraft:story/smelt_iron": {
    "criteria": {
      "iron": "2024-08-13 22:51:28 +0000"
    },
    "done": true
  },
  "minecraft:adventure/kill_all_mobs": {
    "criteria": {
      "minecraft:skeleton": "2024-08-14 00:12:53 +0000",
      "minecraft:spider": "2024-08-13 23:17:09 +0000",
      "minecraft:zombie": "2024-08-13 23:12:39 +0000"
    },
    "done": false
  },
  "minecraft:adventure/kill_a_mob": {
    "criteria": {
      "minecraft:zombie": "2024-08-13 23:12:39 +0000"
    },
    "done": true
  },
  "iceandfire:iceandfire/kill_ghost": {
    "criteria": {
      "killed_fire_dragon": "2024-08-13 23:13:46 +0000"
    },
    "done": true
  },
  "minecraft:story/deflect_arrow": {
    "criteria": {
      "deflected_projectile": "2024-08-13 23:39:34 +0000"
    },
    "done": true
  },
  "minecraft:story/obtain_armor": {
    "criteria": {
      "iron_chestplate": "2024-08-14 00:06:58 +0000"
    },
    "done": true
  },
  "alexscaves:alexscaves/root": {
    "criteria": {
      "underground_cabin": "2024-08-14 00:13:04 +0000"
    },
    "done": true
  },
  "minecraft:nether/obtain_blaze_rod": {
    "criteria": {
      "blaze_rod": "2024-08-13 23:54:36 +0000"
    },
    "done": true
  },
  "DataVersion": 3465
}